{
  "display": {
    "icon": {
      "item": "minecraft:iron_nugget",
      "nbt": "{CustomModelData:10}"
    },
    "title": {
      "text": "Hot Feet"
    },
    "description": [
      "",
      {
        "text": "Fall into the lava."
      }
    ],
    "show_toast": true,
    "announce_to_chat": false
  },
  "parent": "sr:tunnel_explorer",
  "criteria": {
    "impossible": {
      "trigger": "impossible"
    }
  },
  "rewards": {
    "function": "lobby:costume/unlock/strider"
  }
}
