{
  "display": {
    "icon": {
      "item": "minecraft:white_tulip"
    },
    "title": {
      "text": "The Lab"
    },
    "description": [
      "",
      {
        "text": "Find the spooky experiments that the mansion's owner has been hiding."
      }
    ],
    "show_toast": true,
    "announce_to_chat": false
  },
  "parent": "lobby:root",
  "criteria": {
    "requirement": {
      "trigger": "minecraft:location",
      "conditions": {
        "position": {
          "x": {
            "min": 383,
            "max": 400
          },
          "y": {
            "min": 60,
            "max": 63
          },
          "z": {
            "min": 490,
            "max": 515
          }
        }
      }
    }
  }
}
