{
    "textures": {
        "0": "item/ingredients_map"
    },
	"display": {
		"firstperson_righthand": {
			"rotation": [0, 0, -45],
			"translation": [22, 13.5, -10]
		},
		"firstperson_lefthand": {
			"rotation": [0, 0, 45],
			"translation": [15, 13.5, -10]
		},
		"gui": {
			"scale": [0, 0, 0]
		},
		"thirdperson_righthand": {
			"scale": [0, 0, 0]
		}
	},
	"elements": [
        {
            "name": "45",
            "from": [ 0.0, 0.0, 0.0 ], 
            "to": [ 16.0, 16.0, 0.0 ], 
            "rotation": { "origin": [ 1.0, 0.0, 8.0 ], "axis": "z", "angle": 45.0 },
            "faces": {
                "north": { "texture": "#0", "uv": [ 0.0, 0.0, 16.0, 16.0 ]},
                "east": { "texture": "#0", "uv": [ 0.0, 0.0, 16.0, 16.0 ]},
                "south": { "texture": "#0", "uv": [ 0.0, 0.0, 16.0, 16.0 ]},
                "west": { "texture": "#0", "uv": [ 0.0, 0.0, 16.0, 16.0 ]},
                "up": { "texture": "#0", "uv": [ 0.0, 0.0, 16.0, 16.0 ]},
                "down": { "texture": "#0", "uv": [ 0.0, 0.0, 16.0, 16.0 ]}
            }
        }
	]
}
