{
	"parent": "item/handheld",
	"textures": {
		"layer0": "item/stone_hoe"
	},
	"overrides": [
		{ "predicate": {"damaged": 1, "damage": 0}, "model": "item/stone_hoe"},
		{ "predicate": {"damaged": 1, "damage": 0.007575757575757576}, "model": "item/stone_hoe1"},
		{ "predicate": {"damaged": 1, "damage": 0.015151515151515152}, "model": "item/stone_hoe2"},
		{ "predicate": {"damaged": 1, "damage": 0.022727272727272728}, "model": "item/stone_hoe3"},
		{ "predicate": {"damaged": 1, "damage": 0.030303030303030304}, "model": "item/stone_hoe4"},
		{ "predicate": {"damaged": 1, "damage": 0.03787878787878788}, "model": "item/stone_hoe5"},
		{ "predicate": {"damaged": 1, "damage": 0.045454545454545456}, "model": "item/stone_hoe6"},
		{ "predicate": {"damaged": 1, "damage": 0.05303030303030303}, "model": "item/stone_hoe7"},
		{ "predicate": {"damaged": 1, "damage": 0.06060606060606061}, "model": "item/stone_hoe8"},
		{ "predicate": {"damaged": 1, "damage": 0.06818181818181818}, "model": "item/stone_hoe9"},
		{ "predicate": {"damaged": 1, "damage": 0.07575757575757576}, "model": "item/stone_hoe10"},
		{ "predicate": {"damaged": 1, "damage": 0.08333333333333334}, "model": "item/stone_hoe11"},
		{ "predicate": {"damaged": 1, "damage": 0.09090909090909091}, "model": "item/stone_hoe12"},
		{ "predicate": {"damaged": 1, "damage": 0.09848484848484848}, "model": "item/stone_hoe13"},
		{ "predicate": {"damaged": 1, "damage": 0.10606060606060606}, "model": "item/stone_hoe14"}
	]
}