{
    "__comment": "Model generated using MrCrayfish's Model Creator (http://mrcrayfish.com/modelcreator/)",
    "textures": {
        "0": "item/silverfish"
    },
	"display": {
		"thirdperson_lefthand": {
			"scale": [1.5,1.5,1.5],
			"rotation": [215,10,0],
			"translation": [ -5, -25, 7.5 ]
		},
		"gui": {
			"translation": [ 0, 5, 0],
			"rotation": [20,-30,0]
		}
	},
    "elements": [
        {
            "name": "Head",
            "from": [ 6.5, 0.0, 14.0 ], 
            "to": [ 9.5, 2.0, 16.0 ], 
            "faces": {
                "north": { "texture": "#0", "uv": [ 4.0, 3.0, 3.0, 4.0 ] },
                "east": { "texture": "#0", "uv": [ 2.0, 1.0, 1.0, 2.0 ], "rotation": 270 },
                "south": { "texture": "#0", "uv": [ 1.0, 1.0, 2.5, 2.0 ] },
                "west": { "texture": "#0", "uv": [ 0.0, 1.0, 1.0, 2.0 ] },
                "up": { "texture": "#0", "uv": [ 1.0, 2.0, 2.5, 1.0 ] },
                "down": { "texture": "#0", "uv": [ 2.5, 0.0, 4.0, 1.0 ] }
            }
        },
        {
            "name": "Body1",
            "from": [ 6.0, 0.0, 12.0 ], 
            "to": [ 10.0, 3.0, 14.0 ], 
            "faces": {
                "north": { "texture": "#0", "uv": [ 0.0, 0.0, 4.0, 3.0 ] },
                "east": { "texture": "#0", "uv": [ 2.0, 3.0, 3.0, 4.5 ] },
                "south": { "texture": "#0", "uv": [ 1.0, 2.0, 3.0, 3.5 ] },
                "west": { "texture": "#0", "uv": [ 2.0, 2.0, 3.0, 3.5 ] },
                "up": { "texture": "#0", "uv": [ 4.0, 3.0, 6.0, 4.0 ] },
                "down": { "texture": "#0", "uv": [ 3.0, 2.0, 5.0, 3.0 ] }
            }
        },
        {
            "name": "Body2",
            "from": [ 5.0, 0.0, 9.0 ], 
            "to": [ 11.0, 4.0, 12.0 ], 
            "faces": {
                "north": { "texture": "#0", "uv": [ 6.0, 6.0, 9.0, 8.0 ] },
                "east": { "texture": "#0", "uv": [ 5.0, 6.0, 6.5, 8.0 ] },
                "south": { "texture": "#0", "uv": [ 0.0, 6.0, 3.0, 8.0 ] },
                "west": { "texture": "#0", "uv": [ 2.0, 6.0, 3.5, 8.0 ] },
                "up": { "texture": "#0", "uv": [ 2.0, 6.0, 5.0, 7.5 ] },
                "down": { "texture": "#0", "uv": [ 5.0, 6.0, 8.0, 7.5 ] }
            }
        },
        {
            "name": "Body3",
            "from": [ 6.0, 0.0, 6.0 ], 
            "to": [ 10.0, 3.0, 9.0 ], 
            "faces": {
                "north": { "texture": "#0", "uv": [ 3.0, 6.0, 5.0, 7.5 ] },
                "east": { "texture": "#0", "uv": [ 3.0, 9.5, 4.5, 11.0 ] },
                "south": { "texture": "#0", "uv": [ 0.0, 0.0, 4.0, 3.0 ] },
                "west": { "texture": "#0", "uv": [ 4.5, 11.0, 6.0, 9.5 ] },
                "up": { "texture": "#0", "uv": [ 0.0, 6.0, 1.5, 8.0 ], "rotation": 90 },
                "down": { "texture": "#0", "uv": [ 4.5, 4.5, 7.0, 6.0 ], "rotation": 180 }
            }
        },
        {
            "name": "Body4",
            "from": [ 7.0, 0.0, 3.0 ], 
            "to": [ 9.0, 2.0, 6.0 ], 
            "faces": {
                "north": { "texture": "#0", "uv": [ 1.0, 10.0, 2.0, 11.0 ] },
                "east": { "texture": "#0", "uv": [ 1.0, 6.0, 2.5, 7.0 ] },
                "south": { "texture": "#0", "uv": [ 3.0, 4.0, 2.0, 5.0 ] },
                "west": { "texture": "#0", "uv": [ 2.0, 10.0, 3.5, 11.0 ] },
                "up": { "texture": "#0", "uv": [ 2.0, 6.0, 3.0, 8.0 ] },
                "down": { "texture": "#0", "uv": [ 3.0, 8.0, 4.0, 10.0 ] }
            }
        },
        {
            "name": "Body5",
            "from": [ 7.0, 0.0, 1.0 ], 
            "to": [ 9.0, 1.0, 3.0 ], 
            "faces": {
                "north": { "texture": "#0", "uv": [ 6.5, 0.0, 8.5, 0.5 ] },
                "east": { "texture": "#0", "uv": [ 8.0, 1.0, 9.0, 1.5 ] },
                "south": { "texture": "#0", "uv": [ 0.0, 0.0, 2.0, 1.0 ] },
                "west": { "texture": "#0", "uv": [ 3.0, 5.0, 4.0, 5.5 ] },
                "up": { "texture": "#0", "uv": [ 6.5, 1.0, 7.5, 0.0 ] },
                "down": { "texture": "#0", "uv": [ 7.5, 0.0, 8.5, 1.0 ] }
            }
        },
        {
            "name": "Body 6",
            "from": [ 7.5, 0.0, -1.0 ], 
            "to": [ 8.5, 1.0, 1.0 ], 
            "faces": {
                "north": { "texture": "#0", "uv": [ 8.0, 3.0, 8.5, 3.5 ] },
                "east": { "texture": "#0", "uv": [ 8.0, 3.0, 9.0, 3.5 ] },
                "south": { "texture": "#0", "uv": [ 0.0, 0.0, 1.0, 0.8 ] },
                "west": { "texture": "#0", "uv": [ 8.0, 3.0, 9.0, 3.5 ] },
                "up": { "texture": "#0", "uv": [ 7.5, 2.0, 8.0, 3.0 ] },
                "down": { "texture": "#0", "uv": [ 7.5, 2.0, 8.0, 3.0 ] }
            }
        },
        {
            "name": "Spikes1",
            "from": [ 3.5, 0.0, 14.0 ], 
            "to": [ 12.5, 5.0, 14.0 ], 
            "faces": {
                "north": { "texture": "#0", "uv": [ 6.0, 14.0, 11.0, 16.0 ], "rotation": 90 },
                "east": { "texture": "#0", "uv": [ 0.0, 1.0, 0.0, 8.0 ] },
                "south": { "texture": "#0", "uv": [ 11.0, 13.0, 16.0, 15.5 ] },
                "west": { "texture": "#0", "uv": [ 0.0, 0.0, 0.0, 4.0 ] },
                "up": { "texture": "#0", "uv": [ 0.0, 0.0, 9.0, 0.0 ] },
                "down": { "texture": "#0", "uv": [ 0.0, 0.0, 9.0, 0.0 ] }
            }
        },
        {
            "name": "Spikes2",
            "from": [ 2.5, 0.0, 12.1 ], 
            "to": [ 13.5, 7.0, 12.1 ], 
            "faces": {
                "north": { "texture": "#0", "uv": [ 6.0, 14.0, 11.0, 16.0 ] },
                "east": { "texture": "#0", "uv": [ 0.0, 1.0, 0.0, 8.0 ] },
                "south": { "texture": "#0", "uv": [ 11.0, 0.0, 16.0, 3.5 ] },
                "west": { "texture": "#0", "uv": [ 0.0, 0.0, 0.0, 4.0 ] },
                "up": { "texture": "#0", "uv": [ 0.0, 0.0, 11.0, 0.0 ] },
                "down": { "texture": "#0", "uv": [ 0.0, 0.0, 11.0, 0.0 ] }
            }
        },
        {
            "name": "Spikes3",
            "from": [ 4.0, 1.0, 8.99 ], 
            "to": [ 12.0, 6.0, 8.99 ], 
            "faces": {
                "north": { "texture": "#0", "uv": [ 6.0, 14.0, 11.0, 16.0 ] },
                "east": { "texture": "#0", "uv": [ 0.0, 1.0, 0.0, 8.0 ] },
                "south": { "texture": "#0", "uv": [ 12.0, 7.0, 16.0, 9.5 ] },
                "west": { "texture": "#0", "uv": [ 0.0, 0.0, 0.0, 4.0 ] },
                "up": { "texture": "#0", "uv": [ 0.0, 0.0, 8.0, 0.0 ] },
                "down": { "texture": "#0", "uv": [ 0.0, 0.0, 8.0, 0.0 ] }
            }
        }
    ]
}