{
    "pools": [
        {
            "rolls": 1,
            "entries": [
                {
                    "type": "item",
                    "name": "minecraft:pink_dye",
                    "weight": 1,
                    "functions": [
                        {
                            "function": "set_count",
                            "count": {
                                "min": 1,
                                "max": 1
                            }
                        },
						{
							"function": "set_nbt",
							"tag": "{display:{Name:'{\"text\":\"Creeper Mucus\",\"italic\":false}'}}"
						}
                    ]
                }
			]
		},
		{
			"rolls": 1,
			"entries": [
				{
					"type": "item",
					"name": "minecraft:gunpowder",
					"weight": 1,
					"functions": [
                        {
                            "function": "set_count",
                            "count": {
                                "min": 1,
                                "max": 1
                            }
                        }
					]
				}
            ]
        }
    ]
}