{
	"credit": "Made with Blockbench by dragonmaster95",
	"parent": "costumes/head_template",
	"texture_size": [64, 32],
	"textures": {
		"0": "entity/wolf/wolf"
	},
	"elements": [
		{
			"name": "Cube",
			"from": [4, 0, 4],
			"to": [12, 8, 12],
			"rotation": {"angle": 0, "axis": "y", "origin": [8, 10.66667, 6.66667]},
			"faces": {
				"north": {"uv": [1, 2, 2.5, 5], "texture": "#0"},
				"east": {"uv": [4, 2, 2.5, 5], "texture": "#0"},
				"south": {"uv": [3.5, 2, 5, 5], "texture": "#0"},
				"west": {"uv": [2.5, 2, 4, 5], "texture": "#0"},
				"up": {"uv": [1, 0, 2.5, 3], "rotation": 180, "texture": "#0"},
				"down": {"uv": [2.5, 0, 4, 3], "texture": "#0"}
			}
		},
		{
			"name": "Cube",
			"from": [6, 0, -1.33333],
			"to": [10, 4, 4],
			"rotation": {"angle": 0, "axis": "y", "origin": [8, 10.66667, 6.66667]},
			"faces": {
				"north": {"uv": [1, 7, 1.75, 8.5], "texture": "#0"},
				"east": {"uv": [0, 7, 1, 8.5], "texture": "#0"},
				"west": {"uv": [1.75, 7, 3.25, 8.5], "texture": "#0"},
				"up": {"uv": [1, 5, 1.75, 7], "rotation": 180, "texture": "#0"},
				"down": {"uv": [1.75, 5, 2.5, 7], "texture": "#0"}
			}
		},
		{
			"name": "Cube",
			"from": [4, 8, 6.66667],
			"to": [6.66667, 10.66667, 8],
			"rotation": {"angle": 0, "axis": "y", "origin": [8, 10.66667, 6.66667]},
			"faces": {
				"north": {"uv": [4.25, 7.5, 4.75, 8.5], "texture": "#0"},
				"east": {"uv": [4.75, 7.5, 5, 8.5], "texture": "#0"},
				"south": {"uv": [5, 7.5, 5.5, 8.5], "texture": "#0"},
				"west": {"uv": [4, 7.5, 4.25, 8.5], "texture": "#0"},
				"up": {"uv": [4.25, 7, 4.75, 7.5], "texture": "#0"}
			}
		},
		{
			"name": "Cube",
			"from": [9.33333, 8, 6.66667],
			"to": [12, 10.66667, 8],
			"rotation": {"angle": 0, "axis": "y", "origin": [8, 10.66667, 6.66667]},
			"faces": {
				"north": {"uv": [4.25, 7.5, 4.75, 8.5], "texture": "#0"},
				"east": {"uv": [4.75, 7.5, 5, 8.5], "texture": "#0"},
				"south": {"uv": [5, 7.5, 5.5, 8.5], "texture": "#0"},
				"west": {"uv": [4, 7.5, 4.25, 8.5], "texture": "#0"},
				"up": {"uv": [4.25, 7, 4.75, 7.5], "texture": "#0"}
			}
		}
	],
	"display": {}
}