{
	"credit": "Made with Blockbench by dragonmaster95",
	"parent": "costumes/head_template",
	"texture_size": [64, 64],
	"textures": {
		"0": "entity/piglin/zombified_piglin"
	},
	"elements": [
		{
			"name": "Head",
			"from": [2.99997, 0, 4],
			"to": [12.99997, 8, 12],
			"rotation": {"angle": 0, "axis": "y", "origin": [8.16667, -24.075, 8.25]},
			"faces": {
				"north": {"uv": [2, 2, 4.5, 4], "texture": "#0"},
				"east": {"uv": [0, 2, 2, 4], "texture": "#0"},
				"south": {"uv": [6.5, 2, 9, 4], "texture": "#0"},
				"west": {"uv": [4.5, 2, 6.5, 4], "texture": "#0"},
				"up": {"uv": [4.5, 2, 2, 0], "texture": "#0"},
				"down": {"uv": [7, 0, 4.5, 2], "texture": "#0"}
			}
		},
		{
			"name": "Head",
			"from": [5.99997, 0, 3],
			"to": [9.99997, 4, 4],
			"rotation": {"angle": 0, "axis": "y", "origin": [8.16667, -24.075, 8.25]},
			"faces": {
				"north": {"uv": [8, 0.5, 9, 1.5], "texture": "#0"},
				"east": {"uv": [7.75, 0.5, 8, 1.5], "texture": "#0"},
				"south": {"uv": [9.25, 0.5, 10.25, 1.5], "texture": "#0"},
				"west": {"uv": [9, 0.5, 9.25, 1.5], "texture": "#0"},
				"up": {"uv": [9, 0.5, 8, 0.25], "texture": "#0"},
				"down": {"uv": [10, 0.25, 9, 0.5], "texture": "#0"}
			}
		},
		{
			"name": "Head",
			"from": [9.99997, 0, 3],
			"to": [10.99997, 2, 4],
			"rotation": {"angle": 0, "axis": "y", "origin": [8.16667, -24.075, 8.25]},
			"faces": {
				"north": {"uv": [0.75, 0.25, 1, 0.75], "texture": "#0"},
				"east": {"uv": [0.5, 0.25, 0.75, 0.75], "texture": "#0"},
				"south": {"uv": [1.25, 0.25, 1.5, 0.75], "texture": "#0"},
				"west": {"uv": [1, 0.25, 1.25, 0.75], "texture": "#0"},
				"up": {"uv": [1, 0.25, 0.75, 0], "texture": "#0"},
				"down": {"uv": [1.25, 0, 1, 0.25], "texture": "#0"}
			}
		},
		{
			"name": "Head",
			"from": [4.99997, 0, 3],
			"to": [5.99997, 2, 4],
			"rotation": {"angle": 0, "axis": "y", "origin": [8.16667, -24.075, 8.25]},
			"faces": {
				"north": {"uv": [0.75, 1.25, 1, 1.75], "texture": "#0"},
				"east": {"uv": [0.5, 1.25, 0.75, 1.75], "texture": "#0"},
				"south": {"uv": [1.25, 1.25, 1.5, 1.75], "texture": "#0"},
				"west": {"uv": [1, 1.25, 1.25, 1.75], "texture": "#0"},
				"up": {"uv": [1, 1.25, 0.75, 1], "texture": "#0"},
				"down": {"uv": [1.25, 1, 1, 1.25], "texture": "#0"}
			}
		},
		{
			"name": "Head",
			"from": [1.49997, 1.45, 6],
			"to": [2.49997, 6.45, 10],
			"rotation": {"angle": -22.5, "axis": "z", "origin": [2.16667, 3.875, 8.25]},
			"faces": {
				"north": {"uv": [13.75, 2.5, 14, 3.75], "texture": "#0"},
				"east": {"uv": [12.75, 2.5, 13.75, 3.75], "texture": "#0"},
				"south": {"uv": [15, 2.5, 15.25, 3.75], "texture": "#0"},
				"west": {"uv": [14, 2.5, 15, 3.75], "texture": "#0"},
				"up": {"uv": [14, 2.5, 13.75, 1.5], "texture": "#0"},
				"down": {"uv": [14.25, 1.5, 14, 2.5], "texture": "#0"}
			}
		}
	],
	"groups": [
		{
			"name": "Head",
			"origin": [0, 24, 0],
			"children": [0, 1, 2, 3,
				{
					"name": "LeftEar",
					"origin": [-4.5, 30, 0],
					"children": [4]
				}
			]
		}
	]
}