{
    "__comment": "Made with TheDestruc7i0n's advancements generator: https://advancements.thedestruc7i0n.ca",
    "criteria": {
        "requirement": {
            "trigger": "minecraft:inventory_changed",
            "conditions": {
                "items": [
                    {
                        "item": "minecraft:music_disc_mellohi",
                        "nbt": "{CustomModelData:1,display:{}}"
                    }
                ]
            }
        }
    },
    "rewards": {
        "function": "lobby:lab/passwords/detect_password_input"
    }
}