{
	"credit": "Made with Blockbench by dragonmaster95",
	"parent": "costumes/head_template",
	"texture_size": [48, 32],
	"textures": {
		"0": "entity/fox/fox"
	},
	"elements": [
		{
			"name": "head",
			"from": [5.33333, 0, 0],
			"to": [10.66667, 2.66667, 4],
			"rotation": {"angle": 0, "axis": "y", "origin": [-2.66667, 0, -2.66667]},
			"faces": {
				"north": {"uv": [3, 10.5, 4.33333, 11.5], "texture": "#0"},
				"east": {"uv": [2, 10.5, 3, 11.5], "texture": "#0"},
				"south": {"uv": [5.33333, 10.5, 6.66667, 11.5], "texture": "#0"},
				"west": {"uv": [4.33333, 10.5, 5.33333, 11.5], "texture": "#0"},
				"up": {"uv": [4.33333, 10.5, 3, 9], "texture": "#0"},
				"down": {"uv": [5.66667, 9, 4.33333, 10.5], "texture": "#0"}
			}
		},
		{
			"name": "head",
			"from": [2.66667, 8, 5.33333],
			"to": [5.33333, 10.66667, 6.66667],
			"rotation": {"angle": 0, "axis": "y", "origin": [-2.66667, 0, -2.66667]},
			"faces": {
				"north": {"uv": [5.33333, 1, 6, 2], "texture": "#0"},
				"east": {"uv": [5, 1, 5.33333, 2], "texture": "#0"},
				"south": {"uv": [6.33333, 1, 7, 2], "texture": "#0"},
				"west": {"uv": [6, 1, 6.33333, 2], "texture": "#0"},
				"up": {"uv": [6, 1, 5.33333, 0.5], "texture": "#0"},
				"down": {"uv": [6.66667, 0.5, 6, 1], "texture": "#0"}
			}
		},
		{
			"name": "head",
			"from": [10.66667, 8, 5.33333],
			"to": [13.33333, 10.66667, 6.66667],
			"rotation": {"angle": 0, "axis": "y", "origin": [-2.66667, 0, -2.66667]},
			"faces": {
				"north": {"uv": [3, 1, 3.66667, 2], "texture": "#0"},
				"east": {"uv": [2.66667, 1, 3, 2], "texture": "#0"},
				"south": {"uv": [4, 1, 4.66667, 2], "texture": "#0"},
				"west": {"uv": [3.66667, 1, 4, 2], "texture": "#0"},
				"up": {"uv": [3.66667, 1, 3, 0.5], "texture": "#0"},
				"down": {"uv": [4.33333, 0.5, 3.66667, 1], "texture": "#0"}
			}
		},
		{
			"name": "head",
			"from": [2.66667, 0, 4],
			"to": [13.33333, 8, 12],
			"rotation": {"angle": 0, "axis": "y", "origin": [-2.66667, 0, -2.66667]},
			"faces": {
				"north": {"uv": [2.33333, 5.5, 5, 8.5], "texture": "#0"},
				"east": {"uv": [0.33333, 5.5, 2.33333, 8.5], "texture": "#0"},
				"south": {"uv": [7, 5.5, 9.66667, 8.5], "texture": "#0"},
				"west": {"uv": [5, 5.5, 7, 8.5], "texture": "#0"},
				"up": {"uv": [5, 5.5, 2.33333, 2.5], "texture": "#0"},
				"down": {"uv": [7.66667, 2.5, 5, 5.5], "texture": "#0"}
			}
		}
	]
}