{
	"credit": "Made with Blockbench by dragonmaster95",
	"parent": "block/block",
	"texture_size": [64, 32],
	"textures": {
		"0": "costumes/ghost"
	},
	"elements": [
		{
			"name": "head",
			"from": [4, 0, 4],
			"to": [12, 8, 12],
			"rotation": {"angle": 0, "axis": "y", "origin": [8, -20, 8]},
			"faces": {
				"north": {"uv": [2, 4, 4, 8], "texture": "#0"},
				"east": {"uv": [0, 4, 2, 8], "texture": "#0"},
				"south": {"uv": [6, 4, 8, 8], "texture": "#0"},
				"west": {"uv": [4, 4, 6, 8], "texture": "#0"},
				"up": {"uv": [4, 4, 2, 0], "texture": "#0"},
				"down": {"uv": [6, 0, 4, 4], "texture": "#0"}
			}
		},
		{
			"name": "head",
			"from": [3.75, -0.25, 3.75],
			"to": [12.25, 8.25, 12.25],
			"rotation": {"angle": 0, "axis": "y", "origin": [8, -20, 8]},
			"faces": {
				"north": {"uv": [10, 4, 12, 8], "texture": "#0"},
				"east": {"uv": [8, 4, 10, 8], "texture": "#0"},
				"south": {"uv": [14, 4, 16, 8], "texture": "#0"},
				"west": {"uv": [12, 4, 14, 8], "texture": "#0"},
				"up": {"uv": [12, 4, 10, 0], "texture": "#0"},
				"down": {"uv": [14, 0, 12, 4], "texture": "#0"}
			}
		},
		{
			"name": "head",
			"from": [12.25, 8.25, 12.25],
			"to": [3.75, -0.25, 3.75],
			"rotation": {"angle": 0, "axis": "y", "origin": [16.5, 36.5, 16.5]},
			"faces": {
				"north": {"uv": [14, 8, 16, 4], "texture": "#0"},
				"east": {"uv": [12, 8, 14, 4], "texture": "#0"},
				"south": {"uv": [10, 8, 12, 4], "texture": "#0"},
				"west": {"uv": [8, 8, 10, 4], "texture": "#0"},
				"up": {"uv": [12, 0, 14, 4], "texture": "#0"},
				"down": {"uv": [10, 4, 12, 0], "texture": "#0"}
			}
		}
	],
	"display": {
		"gui": {
			"rotation": [15, 150, 0],
			"translation": [0, 3, 0]
		},
		"head": {
			"translation": [0, 7.5, 0],
			"scale": [1.85, 1.85, 1.85]
		}
	}
}