{
	"credit": "Made with Blockbench by dragonmaster95",
	"parent": "costumes/head_template",
	"texture_size": [64, 64],
	"textures": {
		"0": "entity/horse/horse_chestnut"
	},
	"elements": [
		{
			"name": "Neck",
			"from": [4.00001, 0.00005, 4.66387],
			"to": [11.99999, 16.00001, 13.99718],
			"rotation": {"angle": 0, "axis": "x", "origin": [8, 0.33333, 5.00001]},
			"faces": {
				"north": {"uv": [1.75, 10.5, 2.75, 13.5], "texture": "#0"},
				"east": {"uv": [0, 10.5, 1.75, 13.5], "texture": "#0"},
				"south": {"uv": [4.5, 10.5, 5.5, 13.5], "texture": "#0"},
				"west": {"uv": [2.75, 10.5, 4.5, 13.5], "texture": "#0"},
				"up": {"uv": [2.75, 10.5, 1.75, 8.75], "texture": "#0"},
				"down": {"uv": [3.75, 8.75, 2.75, 10.5], "texture": "#0"}
			}
		},
		{
			"name": "Mane",
			"from": [5.33334, 1.33338, 14.04717],
			"to": [10.66666, 22.66666, 16.71383],
			"rotation": {"angle": 0, "axis": "x", "origin": [8, 0.33333, 5.05001]},
			"faces": {
				"north": {"uv": [14.5, 9.5, 15, 13.5], "texture": "#0"},
				"east": {"uv": [14, 9.5, 14.5, 13.5], "texture": "#0"},
				"south": {"uv": [15.5, 9.5, 16, 13.5], "texture": "#0"},
				"west": {"uv": [15, 9.5, 15.5, 13.5], "texture": "#0"},
				"up": {"uv": [15, 9.5, 14.5, 9], "texture": "#0"},
				"down": {"uv": [15.5, 9, 15, 9.5], "texture": "#0"}
			}
		},
		{
			"name": "Mane",
			"from": [10.66664, 22.66668, 16.71383],
			"to": [5.33334, 1.33338, 14.04713],
			"rotation": {"angle": 0, "axis": "x", "origin": [13.3333, 45.00001, 28.37765]},
			"faces": {
				"north": {"uv": [15.5, 13.5, 16, 9.5], "texture": "#0"},
				"east": {"uv": [15, 13.5, 15.5, 9.5], "texture": "#0"},
				"south": {"uv": [14.5, 13.5, 15, 9.5], "texture": "#0"},
				"west": {"uv": [14, 13.5, 14.5, 9.5], "texture": "#0"},
				"up": {"uv": [15, 9, 15.5, 9.5], "texture": "#0"},
				"down": {"uv": [14.5, 9.5, 15, 9], "texture": "#0"}
			}
		},
		{
			"name": "Ear2",
			"from": [10.46666, 22.66666, 12.66385],
			"to": [13.13332, 26.66665, 13.99718],
			"rotation": {"angle": 0, "axis": "x", "origin": [8, 0.33333, 5.00001]},
			"faces": {
				"north": {"uv": [5, 4.25, 5.5, 5], "texture": "#0"},
				"east": {"uv": [4.75, 4.25, 5, 5], "texture": "#0"},
				"south": {"uv": [5.75, 4.25, 6.25, 5], "texture": "#0"},
				"west": {"uv": [5.5, 4.25, 5.75, 5], "texture": "#0"},
				"up": {"uv": [5.5, 4.25, 5, 4], "texture": "#0"},
				"down": {"uv": [6, 4, 5.5, 4.25], "texture": "#0"}
			}
		},
		{
			"name": "Ear1",
			"from": [2.86668, 22.66666, 12.66385],
			"to": [5.53334, 26.66665, 13.99718],
			"shade": false,
			"rotation": {"angle": 0, "axis": "x", "origin": [8, 0.33333, 5.00001]},
			"faces": {
				"north": {"uv": [5.5, 4.25, 5, 5], "texture": "#0"},
				"east": {"uv": [5.75, 4.25, 5.5, 5], "texture": "#0"},
				"south": {"uv": [6.25, 4.25, 5.75, 5], "texture": "#0"},
				"west": {"uv": [5, 4.25, 4.75, 5], "texture": "#0"},
				"up": {"uv": [5, 4.25, 5.5, 4], "texture": "#0"},
				"down": {"uv": [5.5, 4, 6, 4.25], "texture": "#0"}
			}
		},
		{
			"name": "UMouth",
			"from": [5.00001, 16.00001, -2.00278],
			"to": [10.99999, 22.66666, 4.66387],
			"rotation": {"angle": 0, "axis": "x", "origin": [8, 0.33333, 5.00001]},
			"faces": {
				"north": {"uv": [1.25, 7.5, 2.25, 8.75], "texture": "#0"},
				"east": {"uv": [0, 7.5, 1.25, 8.75], "texture": "#0"},
				"south": {"uv": [3.5, 7.5, 4.5, 8.75], "texture": "#0"},
				"west": {"uv": [2.25, 7.5, 3.5, 8.75], "texture": "#0"},
				"up": {"uv": [2.25, 7.5, 1.25, 6.25], "texture": "#0"},
				"down": {"uv": [3.25, 6.25, 2.25, 7.5], "texture": "#0"}
			}
		},
		{
			"name": "Head",
			"from": [2.66668, 16.00001, 4.66387],
			"to": [13.33332, 22.66666, 13.99718],
			"rotation": {"angle": 0, "axis": "x", "origin": [8, 0.33333, 5.00001]},
			"faces": {
				"north": {"uv": [1.75, 5, 3.25, 6.25], "texture": "#0"},
				"east": {"uv": [0, 5, 1.75, 6.25], "texture": "#0"},
				"south": {"uv": [5, 5, 6.5, 6.25], "texture": "#0"},
				"west": {"uv": [3.25, 5, 5, 6.25], "texture": "#0"},
				"up": {"uv": [3.25, 5, 1.75, 3.25], "texture": "#0"},
				"down": {"uv": [4.75, 3.25, 3.25, 5], "texture": "#0"}
			}
		}
	],
	"display": {
		"gui": {
			"rotation": [15, 150, 0],
			"translation": [0, -3.75, 0],
			"scale": [0.66, 0.66, 0.66]
		}
	}
}