{
	"credit": "Made with Blockbench by dragonmaster95",
	"parent": "costumes/head_template",
	"texture_size": [128, 64],
	"textures": {
		"base": "entity/llama/brown",
		"particle": "entity/llama/brown",
		"outfit": "costumes/transparent"
	},
	"elements": [
		{
			"name": "head",
			"from": [6, 12, 1],
			"to": [10, 16, 10],
			"rotation": {"angle": 0, "axis": "y", "origin": [8, -14.5, 17.625]},
			"faces": {
				"north": {"uv": [1.125, 2.25, 1.625, 3.25], "texture": "#base"},
				"east": {"uv": [0, 2.25, 1.125, 3.25], "texture": "#base"},
				"south": {"uv": [2.75, 2.25, 3.25, 3.25], "texture": "#base"},
				"west": {"uv": [1.625, 2.25, 2.75, 3.25], "texture": "#base"},
				"up": {"uv": [1.625, 2.25, 1.125, 0], "texture": "#base"},
				"down": {"uv": [2.125, 0, 1.625, 2.25], "texture": "#base"}
			}
		},
		{
			"name": "head",
			"from": [4, 0, 5],
			"to": [12, 18, 12],
			"rotation": {"angle": 0, "axis": "y", "origin": [8, -14.5, 17.625]},
			"faces": {
				"north": {"uv": [0.75, 5, 1.75, 9.5], "texture": "#base"},
				"east": {"uv": [0, 5, 0.75, 9.5], "texture": "#base"},
				"south": {"uv": [2.5, 5, 3.5, 9.5], "texture": "#base"},
				"west": {"uv": [1.75, 5, 2.5, 9.5], "texture": "#base"},
				"up": {"uv": [1.75, 5, 0.75, 3.5], "texture": "#base"},
				"down": {"uv": [2.75, 3.5, 1.75, 5], "texture": "#base"}
			}
		},
		{
			"name": "head",
			"from": [3.75, -0.25, 4.75],
			"to": [12.25, 18.25, 12.25],
			"rotation": {"angle": 0, "axis": "y", "origin": [8, -14.5, 17.625]},
			"faces": {
				"north": {"uv": [0.75, 5, 1.75, 9.5], "texture": "#outfit"},
				"east": {"uv": [0, 5, 0.75, 9.5], "texture": "#outfit"},
				"south": {"uv": [2.5, 5, 3.5, 9.5], "texture": "#outfit"},
				"west": {"uv": [1.75, 5, 2.5, 9.5], "texture": "#outfit"},
				"up": {"uv": [1.75, 5, 0.75, 3.5], "texture": "#outfit"},
				"down": {"uv": [2.75, 3.5, 1.75, 5], "texture": "#outfit"}
			}
		},
		{
			"name": "head",
			"from": [12.25, 18.25, 12.25],
			"to": [3.75, -0.25, 4.75],
			"rotation": {"angle": 0, "axis": "y", "origin": [16, 3.5, 24.625]},
			"faces": {
				"north": {"uv": [2.5, 9.5, 3.5, 5], "texture": "#outfit"},
				"east": {"uv": [1.75, 9.5, 2.5, 5], "texture": "#outfit"},
				"south": {"uv": [0.75, 9.5, 1.75, 5], "texture": "#outfit"},
				"west": {"uv": [0, 9.5, 0.75, 5], "texture": "#outfit"},
				"down": {"uv": [1.75, 5, 0.75, 3.5], "texture": "#outfit"}
			}
		},
		{
			"name": "head",
			"from": [9, 18, 7],
			"to": [12, 21, 9],
			"rotation": {"angle": 0, "axis": "y", "origin": [8, -14.5, 17.625]},
			"faces": {
				"north": {"uv": [2.375, 0.5, 2.75, 1.25], "texture": "#base"},
				"east": {"uv": [2.125, 0.5, 2.375, 1.25], "texture": "#base"},
				"south": {"uv": [3, 0.5, 3.375, 1.25], "texture": "#base"},
				"west": {"uv": [2.75, 0.5, 3, 1.25], "texture": "#base"},
				"up": {"uv": [2.75, 0.5, 2.375, 0], "texture": "#base"},
				"down": {"uv": [3.125, 0, 2.75, 0.5], "texture": "#base"}
			}
		},
		{
			"name": "head",
			"from": [4, 18, 7],
			"to": [7, 21, 9],
			"rotation": {"angle": 0, "axis": "y", "origin": [8, -14.5, 17.625]},
			"faces": {
				"north": {"uv": [2.375, 0.5, 2.75, 1.25], "texture": "#base"},
				"east": {"uv": [2.125, 0.5, 2.375, 1.25], "texture": "#base"},
				"south": {"uv": [3, 0.5, 3.375, 1.25], "texture": "#base"},
				"west": {"uv": [2.75, 0.5, 3, 1.25], "texture": "#base"},
				"up": {"uv": [2.75, 0.5, 2.375, 0], "texture": "#base"},
				"down": {"uv": [3.125, 0, 2.75, 0.5], "texture": "#base"}
			}
		}
	],
	"groups": [
		{
			"name": "head",
			"origin": [0, 26, -6],
			"children": [0, 1, 2, 3, 4, 5]
		}
	]
}