{
	"credit": "Made with Blockbench by dragonmaster95",
	"parent": "costumes/head_template",
	"texture_size": [64, 64],
	"textures": {
		"0": "entity/phantom",
		"1": "entity/phantom_eyes",
		"particle": "entity/phantom_eyes"
	},
	"elements": [
		{
			"name": "head",
			"from": [4.5, -1.45, 4.5],
			"to": [11.5, 2.75, 11.5],
			"rotation": {"angle": 0, "axis": "y", "origin": [7.5, -17.125, 18.375]},
			"faces": {
				"north": {"uv": [1.25, 1.25, 3, 2], "texture": "#0"},
				"east": {"uv": [4.25, 1, 3, 1.75], "texture": "#0"},
				"south": {"uv": [1.25, 0.25, 3, 1], "texture": "#0"},
				"west": {"uv": [3, 1, 4.25, 1.75], "texture": "#0"},
				"up": {"uv": [3, 1.25, 1.25, 0], "texture": "#0"},
				"down": {"uv": [4.75, 0, 3, 1.25], "texture": "#0"}
			}
		},
		{
			"name": "head",
			"from": [4.5, -1.45, 4.5],
			"to": [11.5, 2.75, 11.5],
			"rotation": {"angle": 0, "axis": "y", "origin": [7.5, -17.125, 18.375]},
			"faces": {
				"north": {"uv": [1.25, 1.25, 3, 2], "texture": "#1"}
			}
		},
		{
			"name": "head",
			"from": [4.5, -5.25, 8],
			"to": [11.5, -1.45, 11.5],
			"rotation": {"angle": 0, "axis": "y", "origin": [7.5, -21.325, 18.375]},
			"faces": {
				"north": {"uv": [3, 0.5, 4.75, 1.25], "texture": "#0"},
				"east": {"uv": [9.5, 7, 8.75, 7.75], "rotation": 90, "texture": "#0"},
				"south": {"uv": [8, 8.25, 6.25, 7.5], "texture": "#0"},
				"west": {"uv": [8.75, 7, 9.5, 7.75], "rotation": 270, "texture": "#0"},
				"up": {"uv": [3, 1.25, 1.25, 0], "texture": "#0"},
				"down": {"uv": [4.75, 0.5, 3, 1.25], "texture": "#0"}
			}
		},
		{
			"name": "body",
			"from": [5.5, -4.8265, -0.00327],
			"to": [10.5, 4.1735, 2.99673],
			"rotation": {"angle": -22.5, "axis": "x", "origin": [8, 21.57143, 26.675]},
			"faces": {
				"north": {"uv": [4.75, 2, 3.5, 4.25], "rotation": 180, "texture": "#0"},
				"east": {"uv": [0, 4.25, 2.25, 5], "rotation": 270, "texture": "#0"},
				"south": {"uv": [3.5, 4.25, 2.25, 2], "texture": "#0"},
				"west": {"uv": [3.5, 4.25, 5.75, 5], "rotation": 90, "texture": "#0"},
				"up": {"uv": [2.25, 4.25, 3.5, 5], "rotation": 180, "texture": "#0"},
				"down": {"uv": [5.75, 4.25, 7, 5], "texture": "#0"}
			}
		},
		{
			"name": "wing0",
			"from": [-0.5, -4.8265, 0.99673],
			"to": [5.5, 4.1735, 2.99673],
			"rotation": {"angle": -22.5, "axis": "x", "origin": [8, 21.57143, 26.675]},
			"faces": {
				"north": {"uv": [11, 3, 9.5, 5.25], "rotation": 180, "texture": "#0"},
				"east": {"uv": [5.75, 5.25, 8, 5.75], "rotation": 270, "texture": "#0"},
				"south": {"uv": [9.5, 5.25, 8, 3], "texture": "#0"},
				"west": {"uv": [9.5, 5.25, 11.75, 5.75], "rotation": 90, "texture": "#0"},
				"up": {"uv": [8, 5.25, 9.5, 5.75], "rotation": 180, "texture": "#0"},
				"down": {"uv": [11.75, 5.25, 13.25, 5.75], "texture": "#0"}
			}
		},
		{
			"name": "wingtip0",
			"from": [-13.5, -4.8265, 1.99673],
			"to": [-0.5, 4.1735, 2.99673],
			"rotation": {"angle": -22.5, "axis": "x", "origin": [8, 21.57143, 26.675]},
			"faces": {
				"north": {"uv": [12.75, 6, 9.5, 8.25], "rotation": 180, "texture": "#0"},
				"south": {"uv": [9.5, 8.25, 6.25, 6], "texture": "#0"},
				"west": {"uv": [9.5, 8.25, 11.75, 8.5], "rotation": 90, "texture": "#0"},
				"up": {"uv": [6.25, 8.25, 9.5, 8.5], "rotation": 180, "texture": "#0"},
				"down": {"uv": [11.75, 8.25, 15, 8.5], "texture": "#0"}
			}
		},
		{
			"name": "wingtip1",
			"from": [-0.5, -5.99607, 18.58391],
			"to": [-13.5, -14.99607, 17.58391],
			"rotation": {"angle": -22.5, "axis": "x", "origin": [-9, -22.69439, 8.90564]},
			"faces": {
				"north": {"uv": [9.5, 6, 6.25, 8.25], "texture": "#0"},
				"east": {"uv": [11.75, 8.25, 9.5, 8.5], "rotation": 90, "texture": "#0"},
				"south": {"uv": [12.75, 8.25, 9.5, 6], "rotation": 180, "texture": "#0"},
				"up": {"uv": [15, 8.25, 11.75, 8.5], "texture": "#0"},
				"down": {"uv": [9.5, 8.25, 6.25, 8.5], "rotation": 180, "texture": "#0"}
			}
		},
		{
			"name": "wingtip1",
			"from": [29.5, -6.91576, 19.96033],
			"to": [16.5, -15.91576, 18.96033],
			"shade": false,
			"rotation": {"angle": -22.5, "axis": "x", "origin": [54, -26.61408, 7.28206]},
			"faces": {
				"north": {"uv": [6.25, 6, 9.5, 8.25], "texture": "#0"},
				"south": {"uv": [9.5, 8.25, 12.75, 6], "rotation": 180, "texture": "#0"},
				"west": {"uv": [9.5, 8.25, 11.75, 8.5], "rotation": 270, "texture": "#0"},
				"up": {"uv": [11.75, 8.25, 15, 8.5], "texture": "#0"},
				"down": {"uv": [6.25, 8.25, 9.5, 8.5], "rotation": 180, "texture": "#0"}
			}
		},
		{
			"name": "wingtip2",
			"from": [16.5, -4.8265, 1.99673],
			"to": [29.5, 4.1735, 2.99673],
			"shade": false,
			"rotation": {"angle": -22.5, "axis": "x", "origin": [8, 21.57143, 26.675]},
			"faces": {
				"north": {"uv": [9.5, 6, 12.75, 8.25], "rotation": 180, "texture": "#0"},
				"east": {"uv": [11.75, 8.25, 9.5, 8.5], "rotation": 270, "texture": "#0"},
				"south": {"uv": [6.25, 8.25, 9.5, 6], "texture": "#0"},
				"up": {"uv": [9.5, 8.25, 6.25, 8.5], "rotation": 180, "texture": "#0"},
				"down": {"uv": [15, 8.25, 11.75, 8.5], "texture": "#0"}
			}
		},
		{
			"name": "wing1",
			"from": [10.5, -4.8265, 0.99673],
			"to": [16.5, 4.1735, 2.99673],
			"shade": false,
			"rotation": {"angle": -22.5, "axis": "x", "origin": [8, 21.57143, 26.675]},
			"faces": {
				"north": {"uv": [9.5, 3, 11, 5.25], "rotation": 180, "texture": "#0"},
				"east": {"uv": [11.75, 5.25, 9.5, 5.75], "rotation": 270, "texture": "#0"},
				"south": {"uv": [8, 5.25, 9.5, 3], "texture": "#0"},
				"west": {"uv": [8, 5.25, 5.75, 5.75], "rotation": 90, "texture": "#0"},
				"up": {"uv": [9.5, 5.25, 8, 5.75], "rotation": 180, "texture": "#0"},
				"down": {"uv": [13.25, 5.25, 11.75, 5.75], "texture": "#0"}
			}
		},
		{
			"name": "tail",
			"from": [6.5, 1.05878, -7.13414],
			"to": [9.5, 7.05878, -5.13414],
			"rotation": {"angle": -45, "axis": "x", "origin": [8, 21.57143, 26.675]},
			"faces": {
				"north": {"uv": [3.75, 5, 3, 6.5], "rotation": 180, "texture": "#0"},
				"east": {"uv": [0.75, 6.5, 2.25, 7], "rotation": 270, "texture": "#0"},
				"south": {"uv": [3, 6.5, 2.25, 5], "texture": "#0"},
				"west": {"uv": [3, 6.5, 4.5, 7], "rotation": 90, "texture": "#0"},
				"up": {"uv": [2.25, 6.5, 3, 7], "rotation": 180, "texture": "#0"},
				"down": {"uv": [4.5, 6.5, 5.25, 7], "texture": "#0"}
			}
		},
		{
			"name": "tailtip",
			"from": [7.5, -4.90368, -6.63414],
			"to": [8.5, 1.09632, -5.63414],
			"rotation": {"angle": -45, "axis": "x", "origin": [8, 21.57143, 26.675]},
			"faces": {
				"north": {"uv": [3, 7.25, 2.75, 8.75], "rotation": 180, "texture": "#0"},
				"east": {"uv": [1, 8.75, 2.5, 9], "rotation": 270, "texture": "#0"},
				"south": {"uv": [2.75, 8.75, 2.5, 7.25], "texture": "#0"},
				"west": {"uv": [2.75, 8.75, 4.25, 9], "rotation": 90, "texture": "#0"},
				"up": {"uv": [2.5, 8.75, 2.75, 9], "rotation": 180, "texture": "#0"},
				"down": {"uv": [4.25, 8.75, 4.5, 9], "texture": "#0"}
			}
		}
	],
	"display": {
		"gui": {
			"rotation": [15, 150, 0],
			"translation": [-1.75, 11.75, -80]
		},
		"head": {
			"translation": [0, 18.5, 0],
			"scale": [2.12, 2.12, 2.12]
		}
	},
	"groups": [
		{
			"name": "head",
			"origin": [0, 23, -7],
			"children": [0, 1, 2]
		},
		{
			"name": "group",
			"origin": [7.5, -16.875, 9.625],
			"children": [3,
				{
					"name": "group",
					"origin": [2.5, -16.875, 9.625],
					"children": [4, 5, 6]
				},
				{
					"name": "group",
					"origin": [7.5, -16.875, 9.625],
					"children": [7, 8, 9]
				},
				{
					"name": "tail",
					"origin": [0, 26, 1],
					"children": [10, 11]
				}
			]
		}
	]
}