{
	"credit": "Made with Blockbench by dragonmaster95",
	"parent": "costumes/head_template",
	"texture_size": [64, 64],
	"textures": {
		"0": "costumes/piglin_chan"
	},
	"elements": [
		{
			"name": "Head",
			"from": [1.33331, 1.33333, 2.66668],
			"to": [3.99997, 9.33331, 13.33332],
			"rotation": {"angle": 0, "axis": "y", "origin": [8.22223, -32.09991, 8.33333]},
			"faces": {
				"north": {"uv": [4, 2.25, 4.5, 3.75], "texture": "#0"},
				"east": {"uv": [0, 2.25, 2, 4], "texture": "#0"},
				"south": {"uv": [6.5, 2.25, 7, 3.75], "texture": "#0"},
				"west": {"uv": [4.5, 2.5, 6.5, 4], "texture": "#0"},
				"up": {"uv": [2, 0, 2.5, 2], "texture": "#0"},
				"down": {"uv": [4.5, 0, 5, 2], "texture": "#0"}
			}
		},
		{
			"name": "Head",
			"from": [1.33331, 0, 2.66668],
			"to": [2.66664, 1.33333, 13.33332],
			"rotation": {"angle": 0, "axis": "y", "origin": [8.22223, -32.09991, 8.33333]},
			"faces": {
				"north": {"uv": [4, 3.75, 4.25, 4], "texture": "#0"},
				"east": {"uv": [0, 3.5, 2, 3.75], "texture": "#0"},
				"south": {"uv": [6.5, 3.75, 7, 4], "texture": "#0"},
				"west": {"uv": [5, 3.75, 7, 4], "texture": "#0"},
				"up": {"uv": [2, 0, 2.5, 2], "texture": "#0"},
				"down": {"uv": [4.5, 0, 4.75, 2], "texture": "#0"}
			}
		},
		{
			"name": "Head",
			"from": [2.66664, 6.66665, 2.66668],
			"to": [13.33328, 10.66664, 13.33332],
			"rotation": {"angle": 0, "axis": "y", "origin": [8.22223, -32.09991, 8.33333]},
			"faces": {
				"north": {"uv": [2.25, 2, 4.25, 2.75], "texture": "#0"},
				"east": {"uv": [0, 2, 2, 2.5], "texture": "#0"},
				"south": {"uv": [6.75, 2, 8.75, 2.75], "texture": "#0"},
				"west": {"uv": [4.5, 2, 6.5, 2.5], "texture": "#0"},
				"up": {"uv": [2.5, 0, 4, 2], "texture": "#0"},
				"down": {"uv": [2.5, 0, 4, 2], "texture": "#0"}
			}
		},
		{
			"name": "Head",
			"from": [5.99997, 6.66665, 1.33335],
			"to": [9.99995, 8.66664, 2.66668],
			"rotation": {"angle": 0, "axis": "y", "origin": [8.88889, -33.43324, 8.33333]},
			"faces": {
				"north": {"uv": [4, 8.25, 7, 9.25], "texture": "#0"},
				"east": {"uv": [4, 8.25, 7, 8.5], "texture": "#0"},
				"south": {"uv": [7, 2, 8.5, 2.5], "texture": "#0"},
				"west": {"uv": [4, 8.25, 7, 8.5], "texture": "#0"},
				"up": {"uv": [4, 8.25, 7, 8.5], "texture": "#0"},
				"down": {"uv": [4, 8.25, 7, 8.5], "texture": "#0"}
			}
		},
		{
			"name": "Head",
			"from": [3.99997, 2.66666, 10.66666],
			"to": [11.99995, 6.66665, 13.33332],
			"rotation": {"angle": 0, "axis": "y", "origin": [8.22223, -34.76657, 8.33333]},
			"faces": {
				"north": {"uv": [7, 2.75, 8.5, 4], "texture": "#0"},
				"east": {"uv": [0, 2, 2, 2.5], "texture": "#0"},
				"south": {"uv": [7, 2.75, 8.5, 3.5], "texture": "#0"},
				"west": {"uv": [4.5, 2, 6.5, 2.5], "texture": "#0"},
				"up": {"uv": [2.5, 0, 4, 2], "texture": "#0"},
				"down": {"uv": [5, 0, 6.5, 0.5], "texture": "#0"}
			}
		},
		{
			"name": "Head",
			"from": [11.99995, 1.33333, 2.66668],
			"to": [14.66661, 9.33331, 13.33332],
			"rotation": {"angle": 0, "axis": "y", "origin": [8.22223, -32.09991, 8.33333]},
			"faces": {
				"north": {"uv": [2, 2.25, 2.5, 3.75], "texture": "#0"},
				"east": {"uv": [0, 2.5, 2, 4], "texture": "#0"},
				"south": {"uv": [8.5, 2.25, 9, 3.75], "texture": "#0"},
				"west": {"uv": [4.5, 2.25, 6.5, 4], "texture": "#0"},
				"up": {"uv": [4, 0, 4.5, 2], "texture": "#0"},
				"down": {"uv": [6.5, 0, 7, 2], "texture": "#0"}
			}
		},
		{
			"name": "Head",
			"from": [12.66661, 8.50488, 2.68001],
			"to": [13.99994, 10.3905, 13.31999],
			"rotation": {"angle": 45, "axis": "z", "origin": [13.33328, 9.72383, 8]},
			"faces": {
				"north": {"uv": [2, 2.5, 2.5, 2.75], "texture": "#0"},
				"east": {"uv": [2, 0, 2.5, 2], "rotation": 270, "texture": "#0"},
				"south": {"uv": [8.5, 2.5, 9, 2.75], "texture": "#0"},
				"west": {"uv": [4.5, 2.25, 6.5, 2.5], "texture": "#0"},
				"up": {"uv": [4, 0, 4.25, 2], "texture": "#0"},
				"down": {"uv": [6.5, 0, 6.75, 2], "texture": "#0"}
			}
		},
		{
			"name": "Head",
			"from": [12.27609, 0.11438, 2.68],
			"to": [13.60942, 2, 13.31998],
			"rotation": {"angle": 45, "axis": "z", "origin": [12.94276, 1.33333, 7.98667]},
			"faces": {
				"north": {"uv": [2, 3.75, 2.5, 4], "texture": "#0"},
				"east": {"uv": [2, 0, 2.5, 2], "rotation": 270, "texture": "#0"},
				"south": {"uv": [8.5, 3.75, 9, 4], "texture": "#0"},
				"west": {"uv": [6.5, 0, 7, 2], "rotation": 90, "texture": "#0"},
				"up": {"uv": [4, 0, 4.25, 2], "texture": "#0"},
				"down": {"uv": [6.5, 0, 6.75, 2], "texture": "#0"}
			}
		},
		{
			"name": "Head",
			"from": [2.39058, 0.11438, 2.68],
			"to": [3.72391, 2, 13.31998],
			"rotation": {"angle": -45, "axis": "z", "origin": [3.05724, 1.33333, 7.98667]},
			"faces": {
				"north": {"uv": [2.5, 3.75, 2, 4], "texture": "#0"},
				"east": {"uv": [4.5, 0, 5, 2], "rotation": 180, "texture": "#0"},
				"south": {"uv": [9, 3.75, 8.5, 4], "texture": "#0"},
				"west": {"uv": [2, 2, 2.5, 0], "rotation": 270, "texture": "#0"},
				"up": {"uv": [4.25, 0, 4, 2], "texture": "#0"},
				"down": {"uv": [6.75, 0, 6.5, 2], "texture": "#0"}
			}
		},
		{
			"name": "Head",
			"from": [2.00006, 8.50488, 2.68001],
			"to": [3.33339, 10.3905, 13.31999],
			"rotation": {"angle": -45, "axis": "z", "origin": [2.66672, 9.72383, 8]},
			"faces": {
				"north": {"uv": [2.5, 2.5, 2, 2.75], "texture": "#0"},
				"east": {"uv": [6.5, 2.25, 4.5, 2.5], "texture": "#0"},
				"south": {"uv": [9, 2.5, 8.5, 2.75], "texture": "#0"},
				"west": {"uv": [4, 0, 4.5, 2], "rotation": 90, "texture": "#0"},
				"up": {"uv": [4.25, 0, 4, 2], "texture": "#0"},
				"down": {"uv": [6.75, 0, 6.5, 2], "texture": "#0"}
			}
		},
		{
			"name": "Head",
			"from": [13.33328, 0, 2.66668],
			"to": [14.66661, 1.33333, 13.33332],
			"rotation": {"angle": 0, "axis": "y", "origin": [8.22223, -32.09991, 8.33333]},
			"faces": {
				"north": {"uv": [2, 3.75, 2.25, 4], "texture": "#0"},
				"east": {"uv": [0, 3.75, 2, 4], "texture": "#0"},
				"south": {"uv": [8.5, 3.75, 9, 4], "texture": "#0"},
				"west": {"uv": [4.5, 3.75, 6.5, 4], "texture": "#0"},
				"up": {"uv": [4, 0, 4.5, 2], "texture": "#0"},
				"down": {"uv": [6.75, 0, 7, 2], "texture": "#0"}
			}
		},
		{
			"name": "Head",
			"from": [14.18954, 1.87872, 6.00001],
			"to": [15.52287, 4.54538, 9.99999],
			"shade": false,
			"rotation": {"angle": 45, "axis": "z", "origin": [14.63394, 5.44538, 6.66667]},
			"faces": {
				"north": {"uv": [11, 2.5, 10.75, 3.75], "texture": "#0"},
				"east": {"uv": [11.875, 3, 11.125, 3.5], "texture": "#0"},
				"south": {"uv": [12.25, 2.5, 12, 3.75], "texture": "#0"},
				"west": {"uv": [10.625, 3.25, 9.875, 3.75], "texture": "#0"},
				"up": {"uv": [10.75, 2.5, 11, 1.5], "texture": "#0"},
				"down": {"uv": [11, 1.5, 11.25, 2.5], "texture": "#0"}
			}
		},
		{
			"name": "Head",
			"from": [15.26669, 4.73332, 5.33334],
			"to": [16.60002, 8.73331, 10.66666],
			"shade": false,
			"rotation": {"angle": 22.5, "axis": "z", "origin": [15.71109, 3.83332, 8.33333]},
			"faces": {
				"north": {"uv": [11, 2.5, 10.75, 3.75], "texture": "#0"},
				"east": {"uv": [12, 2.5, 11, 3.25], "texture": "#0"},
				"south": {"uv": [12.25, 2.5, 12, 3.75], "texture": "#0"},
				"west": {"uv": [10.75, 2.5, 9.75, 3.25], "texture": "#0"},
				"up": {"uv": [10.75, 2.5, 11, 1.5], "texture": "#0"},
				"down": {"uv": [11, 1.5, 11.25, 2.5], "texture": "#0"}
			}
		},
		{
			"name": "Head",
			"from": [0.47713, 1.87872, 6.00001],
			"to": [1.81046, 4.54538, 9.99999],
			"shade": false,
			"rotation": {"angle": -45, "axis": "z", "origin": [1.36606, 5.44538, 6.66667]},
			"faces": {
				"north": {"uv": [10.75, 2.5, 11, 3.75], "texture": "#0"},
				"east": {"uv": [9.875, 3.25, 10.625, 3.75], "texture": "#0"},
				"south": {"uv": [12, 2.5, 12.25, 3.75], "texture": "#0"},
				"west": {"uv": [11.125, 3, 11.875, 3.5], "texture": "#0"},
				"up": {"uv": [11, 2.5, 10.75, 1.5], "texture": "#0"},
				"down": {"uv": [11.25, 1.5, 11, 2.5], "texture": "#0"}
			}
		},
		{
			"name": "Head",
			"from": [-0.60002, 4.73332, 5.33334],
			"to": [0.73331, 8.73331, 10.66666],
			"shade": false,
			"rotation": {"angle": -22.5, "axis": "z", "origin": [0.28891, 3.83332, 8.33333]},
			"faces": {
				"north": {"uv": [10.75, 2.5, 11, 3.75], "texture": "#0"},
				"east": {"uv": [9.75, 2.5, 10.75, 3.25], "texture": "#0"},
				"south": {"uv": [12, 2.5, 12.25, 3.75], "texture": "#0"},
				"west": {"uv": [11, 2.5, 12, 3.25], "texture": "#0"},
				"up": {"uv": [11, 2.5, 10.75, 1.5], "texture": "#0"},
				"down": {"uv": [11.25, 1.5, 11, 2.5], "texture": "#0"}
			}
		},
		{
			"from": [4.00001, 0.26667, 4.00001],
			"to": [11.99999, 8.26664, 11.99999],
			"rotation": {"angle": 0, "axis": "y", "origin": [13.33332, 10.9333, 14.66665]},
			"faces": {
				"north": {"uv": [0, 8, 2, 10], "texture": "#0"},
				"east": {"uv": [2, 10.25, 4, 12.25], "texture": "#0"},
				"south": {"uv": [2, 10.25, 4, 12.25], "texture": "#0"},
				"west": {"uv": [4, 10.25, 2, 12.25], "texture": "#0"},
				"down": {"uv": [0, 10.25, 2, 12.25], "texture": "#0"}
			}
		},
		{
			"from": [3.86668, -2.19999, 3.86668],
			"to": [12.13332, 7.06665, 12.13332],
			"rotation": {"angle": 0, "axis": "y", "origin": [13.33332, 10.9333, 14.66665]},
			"faces": {
				"north": {"uv": [2, 8.25, 4, 10.25], "texture": "#0"},
				"east": {"uv": [4, 9.25, 6, 11.25], "texture": "#0"},
				"south": {"uv": [0, 12.25, 2, 14.25], "texture": "#0"},
				"west": {"uv": [6, 9.25, 8, 11.25], "texture": "#0"},
				"down": {"uv": [2, 12.25, 4, 14.25], "texture": "#0"}
			}
		}
	],
	"groups": [
		{
			"name": "Head",
			"origin": [0, 24, 0],
			"children": [0, 1, 2, 3, 4, 5, 6, 7, 8, 9, 10,
				{
					"name": "LeftEar",
					"origin": [-4.5, 30, 0],
					"children": [11, 12]
				},
				{
					"name": "LeftEar",
					"origin": [-4.5, 30, 0],
					"children": [13, 14]
				}
			]
		}, 15, 16]
}