{
	"credit": "Made with Blockbench by dragonmaster95",
	"parent": "costumes/head_template",
	"texture_size": [64, 128],
	"textures": {
		"0": "entity/strider/strider"
	},
	"elements": [
		{
			"from": [2, -2.25, 2],
			"to": [14, 8.25, 14],
			"rotation": {"angle": 0, "axis": "y", "origin": [8, -15, 8]},
			"faces": {
				"north": {"uv": [4, 2, 8, 3.75], "texture": "#0"},
				"east": {"uv": [0, 2, 4, 3.75], "texture": "#0"},
				"south": {"uv": [12, 2, 16, 3.75], "texture": "#0"},
				"west": {"uv": [8, 2, 12, 3.75], "texture": "#0"},
				"up": {"uv": [8, 2, 4, 0], "texture": "#0"},
				"down": {"uv": [12, 0, 8, 2], "texture": "#0"}
			}
		},
		{
			"from": [14, -1.5, 2],
			"to": [14, 7.5, 14],
			"shade": false,
			"rotation": {"angle": 22.5, "axis": "z", "origin": [14, 7.5, 8]},
			"faces": {
				"north": {"uv": [8, 6.125, 5, 6.125], "rotation": 270, "texture": "#0"},
				"east": {"uv": [8, 6.125, 11, 4.125], "rotation": 90, "texture": "#0"},
				"south": {"uv": [15, 6.125, 12, 6.125], "rotation": 90, "texture": "#0"},
				"west": {"uv": [8, 4.125, 11, 6.125], "rotation": 90, "texture": "#0"},
				"up": {"uv": [5, 6.125, 1, 6.125], "rotation": 90, "texture": "#0"},
				"down": {"uv": [12, 6.125, 8, 6.125], "rotation": 90, "texture": "#0"}
			}
		},
		{
			"from": [2, -0.75, 2],
			"to": [2, 8.25, 14],
			"rotation": {"angle": -22.5, "axis": "z", "origin": [2, 7.5, 8]},
			"faces": {
				"north": {"uv": [5, 6.125, 8, 6.125], "rotation": 90, "texture": "#0"},
				"east": {"uv": [11, 4.125, 8, 6.125], "rotation": 270, "texture": "#0"},
				"south": {"uv": [12, 6.125, 15, 6.125], "rotation": 270, "texture": "#0"},
				"west": {"uv": [11, 6.125, 8, 4.125], "rotation": 270, "texture": "#0"},
				"up": {"uv": [1, 6.125, 5, 6.125], "rotation": 270, "texture": "#0"},
				"down": {"uv": [8, 6.125, 12, 6.125], "rotation": 270, "texture": "#0"}
			}
		},
		{
			"from": [14, -4.5, 2],
			"to": [14, 4.5, 14],
			"shade": false,
			"rotation": {"angle": 22.5, "axis": "z", "origin": [14, 4.5, 8]},
			"faces": {
				"north": {"uv": [8, 8.125, 5, 8.125], "rotation": 270, "texture": "#0"},
				"east": {"uv": [8, 8.125, 11, 6.125], "rotation": 90, "texture": "#0"},
				"south": {"uv": [15, 8.125, 12, 8.125], "rotation": 90, "texture": "#0"},
				"west": {"uv": [8, 6.125, 11, 8.125], "rotation": 90, "texture": "#0"},
				"up": {"uv": [5, 8.125, 1, 8.125], "rotation": 90, "texture": "#0"},
				"down": {"uv": [12, 8.125, 8, 8.125], "rotation": 90, "texture": "#0"}
			}
		},
		{
			"from": [2, -4.5, 2],
			"to": [2, 4.5, 14],
			"rotation": {"angle": -22.5, "axis": "z", "origin": [2, 4.5, 8]},
			"faces": {
				"north": {"uv": [5, 8.125, 8, 8.125], "rotation": 90, "texture": "#0"},
				"east": {"uv": [11, 6.125, 8, 8.125], "rotation": 270, "texture": "#0"},
				"south": {"uv": [12, 8.125, 15, 8.125], "rotation": 270, "texture": "#0"},
				"west": {"uv": [11, 8.125, 8, 6.125], "rotation": 270, "texture": "#0"},
				"up": {"uv": [1, 8.125, 5, 8.125], "rotation": 270, "texture": "#0"},
				"down": {"uv": [8, 8.125, 12, 8.125], "rotation": 270, "texture": "#0"}
			}
		},
		{
			"from": [14, -8.25, 2],
			"to": [14, 0.75, 14],
			"shade": false,
			"rotation": {"angle": 22.5, "axis": "z", "origin": [14, 0.75, 8]},
			"faces": {
				"north": {"uv": [8, 10.125, 5, 10.125], "rotation": 270, "texture": "#0"},
				"east": {"uv": [8, 10.125, 11, 8.125], "rotation": 90, "texture": "#0"},
				"south": {"uv": [15, 10.125, 12, 10.125], "rotation": 90, "texture": "#0"},
				"west": {"uv": [8, 8.125, 11, 10.125], "rotation": 90, "texture": "#0"},
				"up": {"uv": [5, 10.125, 1, 10.125], "rotation": 90, "texture": "#0"},
				"down": {"uv": [12, 10.125, 8, 10.125], "rotation": 90, "texture": "#0"}
			}
		},
		{
			"from": [2, -8.25, 2],
			"to": [2, 0.75, 14],
			"rotation": {"angle": -22.5, "axis": "z", "origin": [2, 0.75, 8]},
			"faces": {
				"north": {"uv": [5, 10.125, 8, 10.125], "rotation": 90, "texture": "#0"},
				"east": {"uv": [11, 8.125, 8, 10.125], "rotation": 270, "texture": "#0"},
				"south": {"uv": [12, 10.125, 15, 10.125], "rotation": 270, "texture": "#0"},
				"west": {"uv": [11, 10.125, 8, 8.125], "rotation": 270, "texture": "#0"},
				"up": {"uv": [1, 10.125, 5, 10.125], "rotation": 270, "texture": "#0"},
				"down": {"uv": [8, 10.125, 12, 10.125], "rotation": 270, "texture": "#0"}
			}
		}
	],
	"groups": [
		{
			"name": "body",
			"origin": [0, 17, 0],
			"children": [0,
				{
					"name": "right_bristles_1",
					"origin": [8, 30, 0],
					"shade": false,
					"children": [1]
				},
				{
					"name": "left_bristles_1",
					"origin": [-8, 30, 0],
					"children": [2]
				},
				{
					"name": "right_bristles_2",
					"origin": [8, 26, 0],
					"shade": false,
					"children": [3]
				},
				{
					"name": "left_bristles_2",
					"origin": [-8, 26, 0],
					"children": [4]
				},
				{
					"name": "right_bristles_3",
					"origin": [8, 21, 0],
					"shade": false,
					"children": [5]
				},
				{
					"name": "left_bristles_3",
					"origin": [-8, 21, 0],
					"children": [6]
				}
			]
		},
		{
			"name": "right_leg",
			"origin": [4, 17, 0],
			"children": []
		},
		{
			"name": "left_leg",
			"origin": [-4, 17, 0],
			"shade": false,
			"children": []
		}
	]
}