{
	"credit": "Made with Blockbench by dragonmaster95",
	"parent": "block/orientable",
	"textures": {
		"0": "costumes/white_pumpkin"
	},
	"elements": [
		{
			"name": "Cube",
			"from": [14, 0, 0],
			"to": [16, 16, 1],
			"faces": {
				"north": {"uv": [0, 0, 1, 8], "texture": "#0"},
				"west": {"uv": [1, 5, 1.5, 6], "texture": "#0"}
			}
		},
		{
			"name": "Cube",
			"from": [13, 6, 0],
			"to": [14, 16, 1],
			"faces": {
				"north": {"uv": [1, 0, 1.5, 5], "texture": "#0"},
				"west": {"uv": [1.55, 2.05, 1.95, 3.45], "texture": "#0"},
				"down": {"uv": [1.55, 2.05, 1.95, 3.45], "texture": "#0"}
			}
		},
		{
			"name": "Cube",
			"from": [13, 0, 0],
			"to": [14, 4, 1],
			"faces": {
				"north": {"uv": [1, 6, 1.5, 8], "texture": "#0"},
				"west": {"uv": [1.55, 2.05, 1.95, 3.45], "texture": "#0"},
				"up": {"uv": [1.5, 5, 2, 5.5], "texture": "#0"}
			}
		},
		{
			"name": "Cube",
			"from": [12, 12, 0],
			"to": [13, 16, 1],
			"faces": {
				"north": {"uv": [1.5, 0, 2, 2], "texture": "#0"},
				"west": {"uv": [1.55, 2.05, 1.95, 3.45], "texture": "#0"},
				"down": {"uv": [1.55, 2.05, 1.95, 3.45], "texture": "#0"}
			}
		},
		{
			"name": "Cube",
			"from": [0, 0, 1],
			"to": [16, 16, 1],
			"rotation": {"angle": 0, "axis": "y", "origin": [8, 8, 23]},
			"faces": {
				"north": {"uv": [0, 0, 8, 8], "texture": "#0"}
			}
		},
		{
			"name": "Cube",
			"from": [12, 7, 0],
			"to": [13, 9, 1],
			"faces": {
				"north": {"uv": [1.5, 3.5, 2, 4.5], "texture": "#0"},
				"west": {"uv": [1.55, 2.05, 1.95, 3.45], "texture": "#0"},
				"up": {"uv": [1.55, 2.05, 1.95, 3.45], "texture": "#0"}
			}
		},
		{
			"name": "Cube",
			"from": [12, 0, 0],
			"to": [13, 2, 1],
			"faces": {
				"north": {"uv": [1.5, 7, 2, 8], "texture": "#0"},
				"up": {"uv": [1.5, 5, 2, 5.5], "texture": "#0"}
			}
		},
		{
			"name": "Cube",
			"from": [11, 0, 0],
			"to": [12, 3, 1],
			"faces": {
				"north": {"uv": [2, 6.5, 2.5, 8], "texture": "#0"},
				"east": {"uv": [2.5, 2, 3, 2.5], "texture": "#0"},
				"up": {"uv": [1.5, 5, 2, 5.5], "texture": "#0"}
			}
		},
		{
			"name": "Cube",
			"from": [10, 0, 0],
			"to": [11, 4, 1],
			"faces": {
				"north": {"uv": [2.5, 6, 3, 8], "texture": "#0"},
				"east": {"uv": [2.5, 2, 3, 2.5], "texture": "#0"},
				"west": {"uv": [1.55, 2.05, 1.95, 3.45], "texture": "#0"},
				"up": {"uv": [1.5, 5, 2, 5.5], "texture": "#0"}
			}
		},
		{
			"name": "Cube",
			"from": [9, 0, 0],
			"to": [10, 2, 1],
			"faces": {
				"north": {"uv": [3, 7, 3.5, 8], "texture": "#0"},
				"up": {"uv": [1.5, 5, 2, 5.5], "texture": "#0"}
			}
		},
		{
			"name": "Cube",
			"from": [8, 0, 0],
			"to": [9, 3, 1],
			"faces": {
				"north": {"uv": [3.5, 6.5, 4, 8], "texture": "#0"},
				"east": {"uv": [2.5, 2, 3, 2.5], "texture": "#0"},
				"up": {"uv": [1.5, 5, 2, 5.5], "texture": "#0"}
			}
		},
		{
			"name": "Cube",
			"from": [7, 0, 0],
			"to": [8, 4, 1],
			"faces": {
				"north": {"uv": [4, 6, 4.5, 8], "texture": "#0"},
				"east": {"uv": [2.5, 2, 3, 2.5], "texture": "#0"},
				"west": {"uv": [1.55, 2.05, 1.95, 3.45], "texture": "#0"},
				"up": {"uv": [1.5, 5, 2, 5.5], "texture": "#0"}
			}
		},
		{
			"name": "Cube",
			"from": [6, 0, 0],
			"to": [7, 3, 1],
			"faces": {
				"north": {"uv": [4.5, 6.5, 5, 8], "texture": "#0"},
				"up": {"uv": [1.5, 5, 2, 5.5], "texture": "#0"}
			}
		},
		{
			"name": "Cube",
			"from": [5, 0, 0],
			"to": [6, 3, 1],
			"faces": {
				"north": {"uv": [5, 6.5, 5.5, 8], "texture": "#0"},
				"west": {"uv": [1.55, 2.05, 1.95, 3.45], "texture": "#0"},
				"up": {"uv": [1.5, 5, 2, 5.5], "texture": "#0"}
			}
		},
		{
			"name": "Cube",
			"from": [4, 0, 0],
			"to": [5, 2, 1],
			"faces": {
				"north": {"uv": [5.5, 7, 6, 8], "texture": "#0"},
				"up": {"uv": [1.5, 5, 2, 5.5], "texture": "#0"}
			}
		},
		{
			"name": "Cube",
			"from": [3, 0, 0],
			"to": [4, 4, 1],
			"faces": {
				"north": {"uv": [6, 6, 6.5, 8], "texture": "#0"},
				"east": {"uv": [2.5, 2, 3, 2.5], "texture": "#0"},
				"west": {"uv": [1.55, 2.05, 1.95, 3.45], "texture": "#0"},
				"up": {"uv": [1.5, 5, 2, 5.5], "texture": "#0"}
			}
		},
		{
			"name": "Cube",
			"from": [1, 0, 0],
			"to": [3, 3, 1],
			"faces": {
				"north": {"uv": [6.5, 6.5, 7.5, 8], "texture": "#0"},
				"up": {"uv": [1.5, 5, 2, 5.5], "texture": "#0"}
			}
		},
		{
			"name": "Cube",
			"from": [0, 0, 0],
			"to": [1, 16, 1],
			"faces": {
				"north": {"uv": [0, 0, 0.5, 8], "texture": "#0"},
				"east": {"uv": [2.5, 2, 3, 2.5], "texture": "#0"}
			}
		},
		{
			"name": "Cube",
			"from": [0, 0, 0],
			"to": [16, 16, 16],
			"faces": {
				"east": {"uv": [0, 8, 8, 16], "texture": "#0"},
				"south": {"uv": [0, 8, 8, 16], "texture": "#0"},
				"west": {"uv": [0, 8, 8, 16], "texture": "#0"},
				"up": {"uv": [8, 0, 16, 8], "texture": "#0"},
				"down": {"uv": [8, 8, 16, 16], "texture": "#0"}
			}
		},
		{
			"name": "Cube",
			"from": [11, 14, 0],
			"to": [12, 16, 1],
			"faces": {
				"north": {"uv": [2, 0, 2.5, 1], "texture": "#0"},
				"down": {"uv": [1.55, 2.05, 1.95, 3.45], "texture": "#0"}
			}
		},
		{
			"name": "Cube",
			"from": [10, 14, 0],
			"to": [11, 16, 1],
			"faces": {
				"north": {"uv": [2.5, 0, 3, 1], "texture": "#0"},
				"down": {"uv": [1.55, 2.05, 1.95, 3.45], "texture": "#0"}
			}
		},
		{
			"name": "Cube",
			"from": [9, 13, 0],
			"to": [10, 16, 1],
			"faces": {
				"north": {"uv": [3, 0, 3.5, 1.5], "texture": "#0"},
				"east": {"uv": [2.5, 2, 3, 2.5], "texture": "#0"},
				"down": {"uv": [1.55, 2.05, 1.95, 3.45], "texture": "#0"}
			}
		},
		{
			"name": "Cube",
			"from": [8, 6, 0],
			"to": [9, 16, 1],
			"faces": {
				"north": {"uv": [3.5, 0, 4, 5], "texture": "#0"},
				"east": {"uv": [2.5, 2, 3, 2.5], "texture": "#0"},
				"west": {"uv": [1.55, 2.05, 1.95, 3.45], "texture": "#0"},
				"down": {"uv": [1.55, 2.05, 1.95, 3.45], "texture": "#0"}
			}
		},
		{
			"name": "Cube",
			"from": [7, 7, 0],
			"to": [8, 16, 1],
			"faces": {
				"north": {"uv": [4, 0, 4.5, 4.5], "texture": "#0"},
				"west": {"uv": [1.55, 2.05, 1.95, 3.45], "texture": "#0"}
			}
		},
		{
			"name": "Cube",
			"from": [6, 13, 0],
			"to": [7, 16, 1],
			"faces": {
				"north": {"uv": [4.5, 0, 5, 1.5], "texture": "#0"},
				"west": {"uv": [1.55, 2.05, 1.95, 3.45], "texture": "#0"},
				"down": {"uv": [1.55, 2.05, 1.95, 3.45], "texture": "#0"}
			}
		},
		{
			"name": "Cube",
			"from": [5, 14, 0],
			"to": [6, 16, 1],
			"faces": {
				"north": {"uv": [5, 0, 5.5, 1], "texture": "#0"},
				"down": {"uv": [1.55, 2.05, 1.95, 3.45], "texture": "#0"}
			}
		},
		{
			"name": "Cube",
			"from": [4, 13, 0],
			"to": [5, 16, 1],
			"faces": {
				"north": {"uv": [5.5, 0, 6, 1.5], "texture": "#0"},
				"east": {"uv": [2.5, 2, 3, 2.5], "texture": "#0"},
				"down": {"uv": [1.55, 2.05, 1.95, 3.45], "texture": "#0"}
			}
		},
		{
			"name": "Cube",
			"from": [3, 12, 0],
			"to": [4, 16, 1],
			"faces": {
				"north": {"uv": [6, 0, 6.5, 2], "texture": "#0"},
				"east": {"uv": [2.5, 2, 3, 2.5], "texture": "#0"},
				"down": {"uv": [1.55, 2.05, 1.95, 3.45], "texture": "#0"}
			}
		},
		{
			"name": "Cube",
			"from": [2, 10, 0],
			"to": [3, 16, 1],
			"faces": {
				"north": {"uv": [6.5, 0, 7, 3], "texture": "#0"},
				"east": {"uv": [2.5, 2, 3, 2.5], "texture": "#0"},
				"down": {"uv": [1.55, 2.05, 1.95, 3.45], "texture": "#0"}
			}
		},
		{
			"name": "Cube",
			"from": [1, 5, 0],
			"to": [2, 16, 1],
			"faces": {
				"north": {"uv": [7, 0, 7.5, 5.5], "texture": "#0"},
				"east": {"uv": [2.5, 2, 3, 2.5], "texture": "#0"},
				"down": {"uv": [1.55, 2.05, 1.95, 3.45], "texture": "#0"}
			}
		},
		{
			"name": "Cube",
			"from": [2, 7, 0],
			"to": [13, 8, 1],
			"faces": {
				"north": {"uv": [1.5, 4, 7, 4.5], "texture": "#0"},
				"up": {"uv": [1.5, 3, 2, 3.5], "texture": "#0"},
				"down": {"uv": [1.55, 2.05, 1.95, 3.45], "texture": "#0"}
			}
		},
		{
			"name": "Cube",
			"from": [3, 6, 0],
			"to": [4, 7, 1],
			"faces": {
				"north": {"uv": [6, 4.5, 6.5, 5], "texture": "#0"},
				"east": {"uv": [2.5, 2, 3, 2.5], "texture": "#0"},
				"west": {"uv": [1.55, 2.05, 1.95, 3.45], "texture": "#0"},
				"down": {"uv": [1.55, 2.05, 1.95, 3.45], "texture": "#0"}
			}
		},
		{
			"name": "Cube",
			"from": [5, 6, 0],
			"to": [7, 7, 1],
			"faces": {
				"north": {"uv": [4.5, 4.5, 5.5, 5], "texture": "#0"},
				"east": {"uv": [2.5, 2, 3, 2.5], "texture": "#0"},
				"west": {"uv": [1.55, 2.05, 1.95, 3.45], "texture": "#0"},
				"down": {"uv": [1.55, 2.05, 1.95, 3.45], "texture": "#0"}
			}
		},
		{
			"name": "Cube",
			"from": [11, 6, 0],
			"to": [12, 7, 1],
			"faces": {
				"north": {"uv": [2, 4.5, 2.5, 5], "texture": "#0"},
				"east": {"uv": [2.5, 2, 3, 2.5], "texture": "#0"},
				"west": {"uv": [1.55, 2.05, 1.95, 3.45], "texture": "#0"},
				"down": {"uv": [1.55, 2.05, 1.95, 3.45], "texture": "#0"}
			}
		},
		{
			"name": "Cube",
			"from": [9, 6, 0],
			"to": [10, 7, 1],
			"faces": {
				"north": {"uv": [3, 4.5, 3.5, 5], "texture": "#0"},
				"east": {"uv": [2.5, 2, 3, 2.5], "texture": "#0"},
				"down": {"uv": [1.55, 2.05, 1.95, 3.45], "texture": "#0"}
			}
		},
		{
			"name": "Cube",
			"from": [6, 8, 0],
			"to": [10, 9, 1],
			"faces": {
				"north": {"uv": [3, 3.5, 5, 4], "texture": "#0"},
				"east": {"uv": [2.5, 2, 3, 2.5], "texture": "#0"},
				"west": {"uv": [1.55, 2.05, 1.95, 3.45], "texture": "#0"},
				"up": {"uv": [1.5, 3, 2, 3.5], "texture": "#0"}
			}
		}
	],
	"display": {
		"head": {
			"scale": [1.1, 1.1, 1.1]
		}
	}
}