{
    "parent": "lobby:unlocked/root",
    "display": {
        "icon": {
            "item": "minecraft:iron_nugget",
            "nbt": "{CustomModelData:41}"
        },
        "title": {
            "text": "Wolf Costume"
        },
        "description": {
            "text": "Code: \"YOUREGONNASTARTAHOWL\" "
        },
        "hidden": true,
        "show_toast": true,
        "announce_to_chat": false
    },
    "criteria": {
        "requirement": {
            "trigger": "minecraft:inventory_changed",
            "conditions": {
                "items": [
                    {
                        "nbt": "{CustomModelData:1,display:{Name:'{\"text\":\"YOUREGONNASTARTAHOWL\"}'}}",
                        "items": [
                            "minecraft:music_disc_mellohi"
                        ]
                    }
                ]
            }
        }
    },
    "rewards": {
        "function": "lobby:costume/unlock/wolf"
    }
}
