{
	"credit": "Made with Blockbench by dragonmaster95",
	"ambientocclusion": false,
	"texture_size": [32, 32],
	"textures": {
		"0": "custom/keyboard",
		"particle": "custom/keyboard"
	},
	"elements": [
		{
			"from": [-0.00627, 12.00419, -13],
			"to": [14.99373, 14.00419, 29],
			"rotation": {"angle": 22.5, "axis": "z", "origin": [11.99373, 13.00419, 24]},
			"faces": {
				"north": {"uv": [1.5625, 7, 2.5625, 8], "texture": "#0"},
				"east": {"uv": [1.5625, 7, 2.5625, 8], "texture": "#0"},
				"south": {"uv": [1.5625, 7, 2.5625, 8], "texture": "#0"},
				"west": {"uv": [1.5625, 7, 2.5625, 8], "texture": "#0"},
				"up": {"uv": [8.48, 12.95, 9.02, 13.5], "rotation": 90, "texture": "#0"},
				"down": {"uv": [0.5, 6.5, 1, 7], "rotation": 90, "texture": "#0"}
			}
		},
		{
			"from": [1.99373, 14.00419, 0],
			"to": [8.99373, 15.00419, 16],
			"rotation": {"angle": 22.5, "axis": "z", "origin": [11.99373, 13.00419, 24]},
			"faces": {
				"north": {"uv": [0, 0, 1, 7], "rotation": 90, "texture": "#0"},
				"east": {"uv": [0, 0, 16, 0.5], "rotation": 180, "texture": "#0"},
				"south": {"uv": [15.5, 0, 16, 7], "rotation": 90, "texture": "#0"},
				"west": {"uv": [0, 6.5, 16, 7], "texture": "#0"},
				"up": {"uv": [0, 0, 16, 7], "rotation": 90, "texture": "#0"}
			}
		},
		{
			"from": [3.49373, 14.00419, 19.9],
			"to": [11.49373, 14.95419, 25.1],
			"rotation": {"angle": 22.5, "axis": "z", "origin": [11.99373, 13.00419, 24]},
			"faces": {
				"north": {"uv": [4.5, 8, 8, 14], "rotation": 90, "texture": "#0"},
				"east": {"uv": [4.5, 8, 8, 14], "rotation": 90, "texture": "#0"},
				"south": {"uv": [4.5, 8, 8, 14], "rotation": 90, "texture": "#0"},
				"up": {"uv": [0, 8, 5, 16], "rotation": 270, "texture": "#0"}
			}
		},
		{
			"from": [2.99373, 14.00419, 19.4],
			"to": [3.49373, 15.25419, 25.6],
			"rotation": {"angle": 22.5, "axis": "z", "origin": [11.99373, 13.00419, 24]},
			"faces": {
				"north": {"uv": [0.5575, 7, 0.9425, 8], "rotation": 270, "texture": "#0"},
				"east": {"uv": [0.5, 7, 1, 7.5], "texture": "#0"},
				"south": {"uv": [0.5575, 7, 0.9425, 8], "rotation": 90, "texture": "#0"},
				"west": {"uv": [11, 10, 11.5, 10.5], "rotation": 180, "texture": "#0"},
				"up": {"uv": [0.5575, 7, 0.9425, 8], "rotation": 90, "texture": "#0"},
				"down": {"uv": [0, 7, 1, 8], "rotation": 90, "texture": "#0"}
			}
		},
		{
			"from": [3.49373, 14.00419, -10],
			"to": [6.49373, 15.00419, -3],
			"rotation": {"angle": 22.5, "axis": "z", "origin": [11.99373, 13.00419, 24]},
			"faces": {
				"north": {"uv": [15.5, 7, 16, 10], "rotation": 90, "texture": "#0"},
				"east": {"uv": [9, 9.5, 16, 10], "texture": "#0"},
				"south": {"uv": [9, 7, 9.5, 10], "rotation": 270, "texture": "#0"},
				"west": {"uv": [9, 7, 16, 7.5], "rotation": 180, "texture": "#0"},
				"up": {"uv": [9, 7, 16, 10], "rotation": 270, "texture": "#0"}
			}
		},
		{
			"from": [2.99373, 13.02919, -10],
			"to": [6.49373, 14.02919, -2.5],
			"rotation": {"angle": 22.5, "axis": "z", "origin": [11.99373, 13.00419, 24]},
			"faces": {
				"up": {"uv": [11, 10, 11.5, 10.5], "rotation": 90, "texture": "#0"}
			}
		},
		{
			"from": [6.99373, 13.02919, -9],
			"to": [12.49373, 14.02919, -3.5],
			"rotation": {"angle": 22.5, "axis": "z", "origin": [11.99373, 13.00419, 24]},
			"faces": {
				"up": {"uv": [11, 10, 11.5, 10.5], "rotation": 90, "texture": "#0"}
			}
		},
		{
			"from": [9.49373, 13.02919, 0],
			"to": [11.99373, 14.02919, 4.5],
			"rotation": {"angle": 22.5, "axis": "z", "origin": [11.99373, 13.00419, 24]},
			"faces": {
				"up": {"uv": [11, 10, 11.5, 10.5], "rotation": 90, "texture": "#0"}
			}
		},
		{
			"from": [9.49373, 13.02919, 5],
			"to": [11.99373, 14.02919, 16.5],
			"rotation": {"angle": 22.5, "axis": "z", "origin": [11.99373, 13.00419, 24]},
			"faces": {
				"up": {"uv": [11, 10, 11.5, 10.5], "rotation": 90, "texture": "#0"}
			}
		},
		{
			"from": [2.49373, 13.02919, 19.4],
			"to": [3.49373, 14.02919, 26.1],
			"rotation": {"angle": 22.5, "axis": "z", "origin": [11.99373, 13.00419, 24]},
			"faces": {
				"up": {"uv": [11, 10, 11.5, 10.5], "rotation": 90, "texture": "#0"}
			}
		},
		{
			"from": [3.49373, 13.02919, 20.4],
			"to": [11.49373, 14.02919, 25.35],
			"rotation": {"angle": 22.5, "axis": "z", "origin": [11.99373, 13.00419, 24]},
			"faces": {
				"up": {"uv": [11.5, 10, 12, 10.5], "rotation": 90, "texture": "#0"}
			}
		},
		{
			"from": [1.49373, 13.02919, 0],
			"to": [8.99373, 14.02919, 16.5],
			"rotation": {"angle": 22.5, "axis": "z", "origin": [11.99373, 13.00419, 24]},
			"faces": {
				"up": {"uv": [11.5, 10, 12, 10.5], "rotation": 90, "texture": "#0"}
			}
		},
		{
			"from": [7.49373, 14.00419, -9],
			"to": [12.49373, 14.50419, -4],
			"rotation": {"angle": 22.5, "axis": "z", "origin": [11.99373, 13.00419, 24]},
			"faces": {
				"north": {"uv": [11, 11, 11.5, 11.5], "texture": "#0"},
				"east": {"uv": [11, 11, 11.5, 11.5], "texture": "#0"},
				"south": {"uv": [11, 11, 11.5, 11.5], "texture": "#0"},
				"west": {"uv": [11, 11, 11.5, 11.5], "texture": "#0"},
				"up": {"uv": [11, 11, 16, 16], "rotation": 270, "texture": "#0"}
			}
		},
		{
			"from": [9.99373, 14.00419, 0],
			"to": [11.99373, 14.50419, 4],
			"rotation": {"angle": 22.5, "axis": "z", "origin": [11.99373, 13.00419, 24]},
			"faces": {
				"north": {"uv": [15.5, 15.5, 16, 16], "texture": "#0"},
				"east": {"uv": [15.5, 15.5, 16, 16], "texture": "#0"},
				"south": {"uv": [15.5, 15.5, 16, 16], "texture": "#0"},
				"west": {"uv": [15.5, 15.5, 16, 16], "texture": "#0"},
				"up": {"uv": [9, 14, 13, 16], "rotation": 270, "texture": "#0"}
			}
		},
		{
			"from": [9.99373, 14.00419, 5],
			"to": [11.99373, 14.50419, 16],
			"rotation": {"angle": 22.5, "axis": "z", "origin": [11.99373, 13.00419, 24]},
			"faces": {
				"north": {"uv": [15.5, 15.5, 16, 16], "texture": "#0"},
				"east": {"uv": [15.5, 15.5, 16, 16], "texture": "#0"},
				"south": {"uv": [15.5, 15.5, 16, 16], "texture": "#0"},
				"west": {"uv": [15.5, 15.5, 16, 16], "texture": "#0"},
				"up": {"uv": [5, 14, 16, 16], "rotation": 270, "texture": "#0"}
			}
		},
		{
			"from": [13.99373, 14.00419, -13],
			"to": [14.99373, 15.00419, 29],
			"rotation": {"angle": 22.5, "axis": "z", "origin": [11.99373, 13.00419, 24]},
			"faces": {
				"north": {"uv": [0, 7, 0.5, 7.5], "texture": "#0"},
				"east": {"uv": [0, 7, 0.5, 7.5], "texture": "#0"},
				"south": {"uv": [0, 7, 0.5, 7.5], "texture": "#0"},
				"west": {"uv": [1.5625, 7, 2.5625, 8], "texture": "#0"},
				"up": {"uv": [0.494, 7, 1.006, 8], "rotation": 270, "texture": "#0"},
				"down": {"uv": [0, 7, 1, 8], "rotation": 90, "texture": "#0"}
			}
		},
		{
			"from": [0.99373, 14.00419, -13],
			"to": [13.99373, 15.00419, -12],
			"rotation": {"angle": 22.5, "axis": "z", "origin": [11.99373, 13.00419, 24]},
			"faces": {
				"north": {"uv": [0, 7, 0.5, 7.5], "texture": "#0"},
				"east": {"uv": [0, 7, 1, 8], "texture": "#0"},
				"south": {"uv": [1.5625, 7, 2.5625, 8], "texture": "#0"},
				"west": {"uv": [1, 7, 2, 8], "texture": "#0"},
				"up": {"uv": [0.5575, 7, 0.9425, 8], "rotation": 180, "texture": "#0"},
				"down": {"uv": [0, 7, 1, 8], "rotation": 90, "texture": "#0"}
			}
		},
		{
			"from": [0.99373, 14.00419, 28],
			"to": [13.99373, 15.00419, 29],
			"rotation": {"angle": 22.5, "axis": "z", "origin": [11.99373, 13.00419, 24]},
			"faces": {
				"north": {"uv": [1.5625, 7, 2.5625, 8], "texture": "#0"},
				"east": {"uv": [0, 7, 1, 8], "texture": "#0"},
				"south": {"uv": [0, 7, 0.5, 7.5], "texture": "#0"},
				"west": {"uv": [1, 7, 2, 8], "texture": "#0"},
				"up": {"uv": [0.5575, 7, 0.9425, 8], "texture": "#0"},
				"down": {"uv": [0, 7, 1, 8], "rotation": 90, "texture": "#0"}
			}
		},
		{
			"from": [-0.00627, 14.00419, -13],
			"to": [0.99373, 15.00419, 29],
			"rotation": {"angle": 22.5, "axis": "z", "origin": [11.99373, 13.00419, 24]},
			"faces": {
				"north": {"uv": [0, 7, 0.5, 7.5], "texture": "#0"},
				"east": {"uv": [1.5625, 7, 2.5625, 8], "texture": "#0"},
				"south": {"uv": [0, 7, 0.5, 7.5], "texture": "#0"},
				"west": {"uv": [0, 7, 0.5, 7.5], "texture": "#0"},
				"up": {"uv": [0.494, 7, 1.006, 8], "rotation": 90, "texture": "#0"},
				"down": {"uv": [0, 7, 1, 8], "rotation": 90, "texture": "#0"}
			}
		},
		{
			"from": [2, 2, 2],
			"to": [14, 4, 14],
			"rotation": {"angle": 0, "axis": "y", "origin": [8, 10, 8]},
			"faces": {
				"north": {"uv": [0.5, 6.5, 1, 7.125], "rotation": 270, "texture": "#0"},
				"east": {"uv": [0.5, 6.5, 1, 7], "texture": "#0"},
				"south": {"uv": [0.5, 6.5, 1, 7.125], "rotation": 90, "texture": "#0"},
				"west": {"uv": [0.5, 7, 1, 7.5], "rotation": 270, "texture": "#0"},
				"up": {"uv": [0.5, 6.5, 1, 7.0625], "rotation": 90, "texture": "#0"},
				"down": {"uv": [0, 7, 1, 8], "rotation": 90, "texture": "#0"}
			}
		},
		{
			"from": [4, 4, 4],
			"to": [12, 11.8, 12],
			"rotation": {"angle": 0, "axis": "y", "origin": [6, 12, 8]},
			"faces": {
				"north": {"uv": [0.5, 6.5, 1, 7], "texture": "#0"},
				"east": {"uv": [0.5, 6.5, 1, 7], "texture": "#0"},
				"south": {"uv": [0.5, 6.5, 1, 7], "texture": "#0"},
				"west": {"uv": [0.5, 6.5, 1, 7], "texture": "#0"},
				"up": {"uv": [0.5, 6.5, 1, 7], "rotation": 270, "texture": "#0"},
				"down": {"uv": [0, 7, 1, 8], "rotation": 90, "texture": "#0"}
			}
		},
		{
			"from": [2, 2, 18],
			"to": [14, 4, 27],
			"rotation": {"angle": 0, "axis": "y", "origin": [8, 10, 24]},
			"faces": {
				"north": {"uv": [0.5, 6.5, 1, 7.125], "rotation": 270, "texture": "#0"},
				"east": {"uv": [0.5, 6.5, 1, 7], "texture": "#0"},
				"south": {"uv": [0.5, 6.5, 1, 7.125], "rotation": 90, "texture": "#0"},
				"west": {"uv": [0.5, 7, 1, 7.5], "rotation": 270, "texture": "#0"},
				"up": {"uv": [0.5, 6.5, 1, 7.0625], "rotation": 90, "texture": "#0"},
				"down": {"uv": [0, 7, 1, 8], "rotation": 90, "texture": "#0"}
			}
		},
		{
			"from": [4, 4, 20],
			"to": [12, 11.8, 25],
			"rotation": {"angle": 0, "axis": "y", "origin": [6, 12, 24]},
			"faces": {
				"north": {"uv": [0.5, 6.5, 1, 7], "texture": "#0"},
				"east": {"uv": [0.5, 6.5, 1, 7], "texture": "#0"},
				"south": {"uv": [0.5, 6.5, 1, 7], "texture": "#0"},
				"west": {"uv": [0.5, 6.5, 1, 7], "texture": "#0"},
				"up": {"uv": [0.5, 6.5, 1, 7], "rotation": 270, "texture": "#0"},
				"down": {"uv": [0, 7, 1, 8], "rotation": 90, "texture": "#0"}
			}
		},
		{
			"from": [0, 0, -13],
			"to": [16, 2, 29],
			"rotation": {"angle": 0, "axis": "y", "origin": [8, 8, -8]},
			"faces": {
				"north": {"uv": [0.5, 6.5, 1, 7.375], "rotation": 270, "texture": "#0"},
				"east": {"uv": [0.5, 6.5, 1, 7], "texture": "#0"},
				"south": {"uv": [0.5, 6.5, 1, 7.375], "rotation": 90, "texture": "#0"},
				"west": {"uv": [8.25, 10.125, 10.75, 10.375], "rotation": 90, "texture": "#0"},
				"up": {"uv": [0.5, 6.5, 1, 7.25], "rotation": 90, "texture": "#0"},
				"down": {"uv": [0, 7, 1, 8], "rotation": 90, "texture": "#0"}
			}
		},
		{
			"from": [2, 2, -11],
			"to": [14, 4, -2],
			"rotation": {"angle": 0, "axis": "y", "origin": [8, 10, -8]},
			"faces": {
				"north": {"uv": [0.5, 6.5, 1, 7.125], "rotation": 270, "texture": "#0"},
				"east": {"uv": [0.5, 6.5, 1, 7], "texture": "#0"},
				"south": {"uv": [0.5, 6.5, 1, 7.125], "rotation": 90, "texture": "#0"},
				"west": {"uv": [0.5, 7, 1, 7.5], "rotation": 270, "texture": "#0"},
				"up": {"uv": [0.5, 6.5, 1, 7.0625], "rotation": 90, "texture": "#0"},
				"down": {"uv": [0, 7, 1, 8], "rotation": 90, "texture": "#0"}
			}
		},
		{
			"from": [4, 4, -9],
			"to": [12, 11.8, -4],
			"rotation": {"angle": 0, "axis": "y", "origin": [6, 12, -8]},
			"faces": {
				"north": {"uv": [0.5, 6.5, 1, 7], "texture": "#0"},
				"east": {"uv": [0.5, 6.5, 1, 7], "texture": "#0"},
				"south": {"uv": [0.5, 6.5, 1, 7], "texture": "#0"},
				"west": {"uv": [0.5, 6.5, 1, 7], "texture": "#0"},
				"up": {"uv": [0.5, 6.5, 1, 7], "rotation": 270, "texture": "#0"},
				"down": {"uv": [0, 7, 1, 8], "rotation": 90, "texture": "#0"}
			}
		},
		{
			"from": [14.5, 14.25, 4],
			"to": [15.5, 23.25, 12],
			"rotation": {"angle": -22.5, "axis": "z", "origin": [15.5, 16.5, 8]},
			"faces": {
				"north": {"uv": [5, 7.5, 5.5, 8], "texture": "#0"},
				"east": {"uv": [5, 7.5, 9, 8], "rotation": 180, "texture": "#0"},
				"south": {"uv": [8.5, 7.5, 9, 8], "texture": "#0"},
				"west": {"uv": [5, 7.5, 9, 8], "texture": "#0"},
				"down": {"uv": [28, 31.75, 32, 32], "rotation": 90, "texture": "#0"}
			}
		}
	],
	"groups": [0, 1, 2, 3, 4, 5, 6, 7, 8, 9, 10, 11, 12, 13, 14, 15, 16, 17, 18,
		{
			"name": "group",
			"origin": [8, 13.00419, 11.99373],
			"children": [19, 20]
		},
		{
			"name": "group",
			"origin": [8, 13.00419, 11.99373],
			"children": [21, 22]
		},
		{
			"name": "group",
			"origin": [8, 13.00419, 11.99373],
			"children": [23, 24, 25]
		}, 26]
}