{
    "parent": "lobby:unlocked/piglin_chan",
    "display": {
        "icon": {
            "item": "minecraft:iron_nugget",
            "nbt": "{CustomModelData:45}"
        },
        "title": {
            "text":"Zombified Piglin Costume"
        },
        "description": {
            "text": "Code: \"SPOILEDBACON\" "
        },
        "hidden": true,
        "show_toast": true,
        "announce_to_chat": false
    },
    "criteria": {
        "requirement": {
            "trigger": "minecraft:inventory_changed",
            "conditions": {
                "items": [
                    {
                        "item": "minecraft:music_disc_mellohi",
                        "nbt": "{CustomModelData:1,display:{Name:'{\"text\":\"SPOILEDBACON\"}'}}"
                    }
                ]
            }
        }
    },
    "rewards": {
        "function": "lobby:costume/unlock/zombified_piglin"
    }
}