{
    "parent": "lobby:unlocked/horse_white",
    "display": {
        "icon": {
            "item": "minecraft:iron_nugget",
            "nbt": "{CustomModelData:268}"
        },
        "title": {
            "text":"Gray Horse Costume"
        },
        "description": {
            "text": "Code: \"RANOUTOFINK\" "
        },
        "hidden": true,
        "show_toast": true,
        "announce_to_chat": false
    },
    "criteria": {
        "requirement": {
            "trigger": "minecraft:inventory_changed",
            "conditions": {
                "items": [
                    {
                        "item": "minecraft:music_disc_mellohi",
                        "nbt": "{CustomModelData:1,display:{Name:'{\"text\":\"RANOUTOFINK\"}'}}"
                    }
                ]
            }
        }
    },
    "rewards": {
        "function": "lobby:costume/unlock/horse_gray"
    }
}