{
    "parent": "lobby:unlocked/root",
    
    "display": {
        "icon": {
            "item": "minecraft:iron_nugget",
            "nbt": "{CustomModelData:42}"
        },
        "title": {
            "text":"Jack o'Lantern Costume"
        },
        "description": {
            "text": "Always unlocked."
        },
        "hidden": true,
        "show_toast": false,
        "announce_to_chat": false
    },

    "criteria": {
        "requirement": {
            "trigger": "minecraft:tick"
        }
    }
}