{
    "pools": [
        {
            "rolls": 1,
            "entries": [
                {
                    "type": "item",
                    "name": "minecraft:lime_dye",
                    "weight": 1,
                    "functions": [
                        {
                            "function": "set_count",
                            "count": {
                                "min": 1,
                                "max": 1
                            }
                        },
						{
							"function": "set_nbt",
							"tag": "{display:{Name:'{\"text\":\"Frog Leg\",\"italic\":false}'}}"
						}
                    ]
                }
            ]
        }
    ]
}