{
  "display": {
    "icon": {
      "item": "minecraft:iron_nugget",
      "nbt": "{CustomModelData:70}"
    },
    "title": {
      "text": "Costumes"
    },
    "description": [
      "",
      {
        "text": "Go upstairs and get in the Halloween mood!"
      }
    ],
    "show_toast": true,
    "announce_to_chat": false
  },
  "parent": "lobby:root",
  "criteria": {
    "requirement": {
      "trigger": "minecraft:location",
      "conditions": {
        "position": {
          "x": {
            "min": 360,
            "max": 378
          },
          "y": {
            "min": 79,
            "max": 84
          },
          "z": {
            "min": 489,
            "max": 510
          }
        },
        "player": [
          {
            "condition": "minecraft:entity_scores",
            "entity": "this",
            "scores": {
              "costume": {
                "min": 1,
                "max": 2000
              }
            }
          }
        ]
      }
    }
  }
}
