{
  "display": {
    "icon": {
      "item": "minecraft:command_block"
    },
    "title": {
      "text": "The Creators"
    },
    "description": [
      "",
      {
        "text": "Behold the glorious creators of Pumpkin Party (and Incarceron)."
      }
    ],
    "show_toast": true,
    "announce_to_chat": false
  },
  "parent": "lobby:lab",
  "criteria": {
    "requirement": {
      "trigger": "minecraft:location",
      "conditions": {
        "position": {
          "x": {
            "min": 365,
            "max": 381
          },
          "y": {
            "min": 67,
            "max": 70
          },
          "z": {
            "min": 488,
            "max": 511
          }
        }
      }
    }
  }
}
