{
  "parent": "lobby:creators",
  "display": {
    "icon": {
      "item": "minecraft:stone_hoe",
      "nbt": "{Damage:2}"
    },
    "title": {
      "text": "The Troll"
    },
    "description": [
      "",
      {
        "text": "Someone's been taking a candy toll. Who is it?"
      }
    ],
    "show_toast": true,
    "announce_to_chat": false
  },
  "criteria": {
    "requirement": {
      "trigger": "minecraft:location",
      "conditions": {
        "position": {
          "x": {
            "min": 421,
            "max": 427
          },
          "y": {
            "min": 58,
            "max": 60
          },
          "z": {
            "min": 497,
            "max": 503
          }
        }
      }
    }
  },
  "rewards": {
    "function": "lobby:costume/unlock/squid"
  }
}
