{
	"credit": "Made with Blockbench by dragonmaster95",
	"parent": "minecraft:block/template_piston_head",
	"ambientocclusion": false,
	"textures": {
		"0": "block/quartz_pillar_top",
		"1": "block/piston_top",
		"2": "block/piston_side",
		"3": "block/white_wool",
		"4": "item/pumpkin_pie",
		"particle": "block/piston_top"
	},
	"elements": [
		{
			"from": [6.42785, 4.8636, 14.5856],
			"to": [9.57215, 5.6868, 15.90272],
			"rotation": {"angle": -22.5, "axis": "y", "origin": [8, 12.76632, 8]},
			"faces": {
				"north": {"uv": [5.1, 5.1, 5.9, 5.9], "rotation": 270, "texture": "#0"},
				"south": {"uv": [5.1, 5.1, 5.9, 5.9], "rotation": 270, "texture": "#0"},
				"up": {"uv": [5.1, 5.1, 5.9, 5.9], "rotation": 270, "texture": "#0"},
				"down": {"uv": [5.1, 5.1, 5.9, 5.9], "rotation": 270, "texture": "#0"}
			}
		},
		{
			"from": [6.68988, 4.04, 1.4144],
			"to": [9.31012, 4.8632, 14.5856],
			"rotation": {"angle": 0, "axis": "y", "origin": [8, 12, 8]},
			"faces": {
				"north": {"uv": [5.1, 5.1, 5.9, 5.9], "rotation": 270, "texture": "#0"},
				"south": {"uv": [5.1, 5.1, 5.9, 5.9], "rotation": 270, "texture": "#0"},
				"up": {"uv": [7.032, 6.875, 7.968, 9.125], "rotation": 180, "texture": "#0"}
			}
		},
		{
			"from": [6.68988, 4.0404, 1.4144],
			"to": [9.31012, 4.8636, 14.5856],
			"rotation": {"angle": 22.5, "axis": "y", "origin": [8, 10.626, 8]},
			"faces": {
				"north": {"uv": [5.1, 5.1, 5.9, 5.9], "rotation": 270, "texture": "#0"},
				"south": {"uv": [5.1, 5.1, 5.9, 5.9], "rotation": 270, "texture": "#0"},
				"up": {"uv": [7.032, 6.875, 7.968, 9.125], "rotation": 180, "texture": "#0"}
			}
		},
		{
			"from": [6.68988, 4.04, 1.4144],
			"to": [9.31012, 4.8632, 14.5856],
			"rotation": {"angle": 45, "axis": "y", "origin": [8, 10.626, 8]},
			"faces": {
				"north": {"uv": [5.1, 5.1, 5.9, 5.9], "rotation": 270, "texture": "#0"},
				"south": {"uv": [5.1, 5.1, 5.9, 5.9], "rotation": 270, "texture": "#0"},
				"up": {"uv": [7.032, 6.875, 7.968, 9.125], "rotation": 180, "texture": "#0"}
			}
		},
		{
			"from": [1.4144, 4.0404, 6.68988],
			"to": [14.5856, 4.8636, 9.31012],
			"rotation": {"angle": -22.5, "axis": "y", "origin": [8, 10.626, 8]},
			"faces": {
				"east": {"uv": [5.1, 5.1, 5.9, 5.9], "rotation": 270, "texture": "#0"},
				"west": {"uv": [5.1, 5.1, 5.9, 5.9], "rotation": 270, "texture": "#0"},
				"up": {"uv": [7.032, 6.875, 7.968, 9.125], "rotation": 90, "texture": "#0"}
			}
		},
		{
			"from": [1.4144, 4.04, 6.68988],
			"to": [14.5856, 4.8632, 9.31012],
			"rotation": {"angle": 0, "axis": "y", "origin": [8, 10.626, 8]},
			"faces": {
				"east": {"uv": [5.1, 5.1, 5.9, 5.9], "rotation": 270, "texture": "#0"},
				"west": {"uv": [5.1, 5.1, 5.9, 5.9], "rotation": 270, "texture": "#0"},
				"up": {"uv": [7.032, 6.875, 7.968, 9.125], "rotation": 90, "texture": "#0"}
			}
		},
		{
			"from": [1.4144, 4.0404, 6.68988],
			"to": [14.5856, 4.8636, 9.31012],
			"rotation": {"angle": 22.5, "axis": "y", "origin": [8, 10.626, 8]},
			"faces": {
				"east": {"uv": [5.1, 5.1, 5.9, 5.9], "rotation": 270, "texture": "#0"},
				"west": {"uv": [5.1, 5.1, 5.9, 5.9], "rotation": 270, "texture": "#0"},
				"up": {"uv": [7.032, 6.875, 7.968, 9.125], "rotation": 90, "texture": "#0"}
			}
		},
		{
			"from": [1.4144, 4.04, 6.68988],
			"to": [14.5856, 4.8632, 9.31012],
			"rotation": {"angle": 45, "axis": "y", "origin": [8, 10.626, 8]},
			"faces": {
				"east": {"uv": [5.1, 5.1, 5.9, 5.9], "rotation": 270, "texture": "#0"},
				"west": {"uv": [5.1, 5.1, 5.9, 5.9], "rotation": 270, "texture": "#0"},
				"up": {"uv": [7.032, 6.875, 7.968, 9.125], "rotation": 90, "texture": "#0"}
			}
		},
		{
			"from": [6.68988, 4.0404, 1.4144],
			"to": [9.31012, 4.8636, 14.5856],
			"rotation": {"angle": -22.5, "axis": "y", "origin": [8, 10.626, 8]},
			"faces": {
				"north": {"uv": [5.1, 5.1, 5.9, 5.9], "rotation": 270, "texture": "#0"},
				"south": {"uv": [5.1, 5.1, 5.9, 5.9], "rotation": 270, "texture": "#0"},
				"up": {"uv": [7.032, 6.875, 7.968, 9.125], "rotation": 180, "texture": "#0"}
			}
		},
		{
			"from": [14.5856, 4.8636, 6.42785],
			"to": [15.90272, 5.6868, 9.57215],
			"rotation": {"angle": 0, "axis": "y", "origin": [8, 12, 8]},
			"faces": {
				"east": {"uv": [5.1, 5.1, 5.9, 5.9], "rotation": 270, "texture": "#0"},
				"west": {"uv": [5.1, 5.1, 5.9, 5.9], "rotation": 270, "texture": "#0"},
				"up": {"uv": [5.1, 5.1, 5.9, 5.9], "texture": "#0"},
				"down": {"uv": [5.1, 5.1, 5.9, 5.9], "rotation": 180, "texture": "#0"}
			}
		},
		{
			"from": [14.5856, 4.8636, 6.42785],
			"to": [15.90272, 5.6868, 9.57215],
			"rotation": {"angle": 22.5, "axis": "y", "origin": [8, 12.76632, 8]},
			"faces": {
				"east": {"uv": [5.1, 5.1, 5.9, 5.9], "rotation": 270, "texture": "#0"},
				"west": {"uv": [5.1, 5.1, 5.9, 5.9], "rotation": 270, "texture": "#0"},
				"up": {"uv": [5.1, 5.1, 5.9, 5.9], "texture": "#0"},
				"down": {"uv": [5.1, 5.1, 5.9, 5.9], "rotation": 180, "texture": "#0"}
			}
		},
		{
			"from": [14.5856, 4.8636, 6.42785],
			"to": [15.90272, 5.6868, 9.57215],
			"rotation": {"angle": 45, "axis": "y", "origin": [8, 12.76632, 8]},
			"faces": {
				"east": {"uv": [5.1, 5.1, 5.9, 5.9], "rotation": 270, "texture": "#0"},
				"west": {"uv": [5.1, 5.1, 5.9, 5.9], "rotation": 270, "texture": "#0"},
				"up": {"uv": [5.1, 5.1, 5.9, 5.9], "texture": "#0"},
				"down": {"uv": [5.1, 5.1, 5.9, 5.9], "rotation": 180, "texture": "#0"}
			}
		},
		{
			"from": [14.5856, 4.8636, 6.42785],
			"to": [15.90272, 5.6868, 9.57215],
			"rotation": {"angle": -22.5, "axis": "y", "origin": [8, 12.76632, 8]},
			"faces": {
				"east": {"uv": [5.1, 5.1, 5.9, 5.9], "rotation": 270, "texture": "#0"},
				"west": {"uv": [5.1, 5.1, 5.9, 5.9], "rotation": 270, "texture": "#0"},
				"up": {"uv": [5.1, 5.1, 5.9, 5.9], "rotation": 180, "texture": "#0"},
				"down": {"uv": [5.1, 5.1, 5.9, 5.9], "texture": "#0"}
			}
		},
		{
			"from": [6.42785, 4.8636, 0.09728],
			"to": [9.57215, 5.6868, 1.4144],
			"rotation": {"angle": 0, "axis": "y", "origin": [8, 12, 8]},
			"faces": {
				"north": {"uv": [5.1, 5.1, 5.9, 5.9], "rotation": 270, "texture": "#0"},
				"south": {"uv": [5.1, 5.1, 5.9, 5.9], "rotation": 270, "texture": "#0"},
				"up": {"uv": [5.1, 5.1, 5.9, 5.9], "rotation": 270, "texture": "#0"},
				"down": {"uv": [5.1, 5.1, 5.9, 5.9], "rotation": 270, "texture": "#0"}
			}
		},
		{
			"from": [6.42785, 4.8636, 0.09728],
			"to": [9.57215, 5.6868, 1.4144],
			"rotation": {"angle": 22.5, "axis": "y", "origin": [8, 12.76632, 8]},
			"faces": {
				"north": {"uv": [5.1, 5.1, 5.9, 5.9], "rotation": 270, "texture": "#0"},
				"south": {"uv": [5.1, 5.1, 5.9, 5.9], "rotation": 270, "texture": "#0"},
				"up": {"uv": [5.1, 5.1, 5.9, 5.9], "rotation": 270, "texture": "#0"},
				"down": {"uv": [5.1, 5.1, 5.9, 5.9], "rotation": 270, "texture": "#0"}
			}
		},
		{
			"from": [6.42785, 4.8636, 0.09728],
			"to": [9.57215, 5.6868, 1.4144],
			"rotation": {"angle": 45, "axis": "y", "origin": [8, 12.76632, 8]},
			"faces": {
				"north": {"uv": [5.1, 5.1, 5.9, 5.9], "rotation": 270, "texture": "#0"},
				"south": {"uv": [5.1, 5.1, 5.9, 5.9], "rotation": 270, "texture": "#0"},
				"up": {"uv": [5.1, 5.1, 5.9, 5.9], "rotation": 270, "texture": "#0"},
				"down": {"uv": [5.1, 5.1, 5.9, 5.9], "rotation": 270, "texture": "#0"}
			}
		},
		{
			"from": [6.42785, 4.8636, 0.09728],
			"to": [9.57215, 5.6868, 1.4144],
			"rotation": {"angle": -22.5, "axis": "y", "origin": [8, 12.76632, 8]},
			"faces": {
				"north": {"uv": [5.1, 5.1, 5.9, 5.9], "rotation": 270, "texture": "#0"},
				"south": {"uv": [5.1, 5.1, 5.9, 5.9], "rotation": 270, "texture": "#0"},
				"up": {"uv": [5.1, 5.1, 5.9, 5.9], "rotation": 90, "texture": "#0"},
				"down": {"uv": [5.1, 5.1, 5.9, 5.9], "rotation": 90, "texture": "#0"}
			}
		},
		{
			"from": [0.09728, 4.8636, 6.42785],
			"to": [1.4144, 5.6868, 9.57215],
			"rotation": {"angle": 0, "axis": "y", "origin": [8, 12, 8]},
			"faces": {
				"east": {"uv": [5.1, 5.1, 5.9, 5.9], "rotation": 270, "texture": "#0"},
				"west": {"uv": [5.1, 5.1, 5.9, 5.9], "rotation": 270, "texture": "#0"},
				"up": {"uv": [5.1, 5.1, 5.9, 5.9], "rotation": 180, "texture": "#0"},
				"down": {"uv": [5.1, 5.1, 5.9, 5.9], "texture": "#0"}
			}
		},
		{
			"from": [0.09728, 4.8636, 6.42785],
			"to": [1.4144, 5.6868, 9.57215],
			"rotation": {"angle": 22.5, "axis": "y", "origin": [8, 12.76632, 8]},
			"faces": {
				"east": {"uv": [5.1, 5.1, 5.9, 5.9], "rotation": 270, "texture": "#0"},
				"west": {"uv": [5.1, 5.1, 5.9, 5.9], "rotation": 270, "texture": "#0"},
				"up": {"uv": [5.1, 5.1, 5.9, 5.9], "rotation": 180, "texture": "#0"},
				"down": {"uv": [5.1, 5.1, 5.9, 5.9], "texture": "#0"}
			}
		},
		{
			"from": [0.09728, 4.8636, 6.42785],
			"to": [1.4144, 5.6868, 9.57215],
			"rotation": {"angle": 45, "axis": "y", "origin": [8, 12.76632, 8]},
			"faces": {
				"east": {"uv": [5.1, 5.1, 5.9, 5.9], "rotation": 270, "texture": "#0"},
				"west": {"uv": [5.1, 5.1, 5.9, 5.9], "rotation": 270, "texture": "#0"},
				"up": {"uv": [5.1, 5.1, 5.9, 5.9], "rotation": 180, "texture": "#0"},
				"down": {"uv": [5.1, 5.1, 5.9, 5.9], "texture": "#0"}
			}
		},
		{
			"from": [0.09728, 4.8636, 6.42785],
			"to": [1.4144, 5.6868, 9.57215],
			"rotation": {"angle": -22.5, "axis": "y", "origin": [8, 12.76632, 8]},
			"faces": {
				"east": {"uv": [5.1, 5.1, 5.9, 5.9], "rotation": 270, "texture": "#0"},
				"west": {"uv": [5.1, 5.1, 5.9, 5.9], "rotation": 270, "texture": "#0"},
				"up": {"uv": [5.1, 5.1, 5.9, 5.9], "texture": "#0"},
				"down": {"uv": [5.1, 5.1, 5.9, 5.9], "rotation": 180, "texture": "#0"}
			}
		},
		{
			"from": [6.42785, 4.8636, 14.5856],
			"to": [9.57215, 5.6868, 15.90272],
			"rotation": {"angle": 0, "axis": "y", "origin": [8, 12, 8]},
			"faces": {
				"north": {"uv": [5.1, 5.1, 5.9, 5.9], "rotation": 270, "texture": "#0"},
				"south": {"uv": [5.1, 5.1, 5.9, 5.9], "rotation": 270, "texture": "#0"},
				"up": {"uv": [5.1, 5.1, 5.9, 5.9], "rotation": 90, "texture": "#0"},
				"down": {"uv": [5.1, 5.1, 5.9, 5.9], "rotation": 90, "texture": "#0"}
			}
		},
		{
			"from": [6.42785, 4.8636, 14.5856],
			"to": [9.57215, 5.6868, 15.90272],
			"rotation": {"angle": 22.5, "axis": "y", "origin": [8, 12.76632, 8]},
			"faces": {
				"north": {"uv": [5.1, 5.1, 5.9, 5.9], "rotation": 270, "texture": "#0"},
				"south": {"uv": [5.1, 5.1, 5.9, 5.9], "rotation": 270, "texture": "#0"},
				"up": {"uv": [5.1, 5.1, 5.9, 5.9], "rotation": 90, "texture": "#0"},
				"down": {"uv": [5.1, 5.1, 5.9, 5.9], "rotation": 90, "texture": "#0"}
			}
		},
		{
			"from": [6.42785, 4.8636, 14.5856],
			"to": [9.57215, 5.6868, 15.90272],
			"rotation": {"angle": 45, "axis": "y", "origin": [8, 12.76632, 8]},
			"faces": {
				"north": {"uv": [5.1, 5.1, 5.9, 5.9], "rotation": 270, "texture": "#0"},
				"south": {"uv": [5.1, 5.1, 5.9, 5.9], "rotation": 270, "texture": "#0"},
				"up": {"uv": [5.1, 5.1, 5.9, 5.9], "rotation": 90, "texture": "#0"},
				"down": {"uv": [5.1, 5.1, 5.9, 5.9], "rotation": 90, "texture": "#0"}
			}
		},
		{
			"from": [0, 0, 0],
			"to": [16, 4, 16],
			"rotation": {"angle": 0, "axis": "y", "origin": [8, 12, 8]},
			"faces": {
				"north": {"uv": [0, 0, 16, 4], "texture": "#2", "cullface": "down"},
				"east": {"uv": [0, 0, 16, 4], "texture": "#2", "cullface": "east"},
				"south": {"uv": [0, 0, 16, 4], "texture": "#2", "cullface": "up"},
				"west": {"uv": [0, 0, 16, 4], "texture": "#2", "cullface": "west"},
				"up": {"uv": [0, 0, 16, 16], "rotation": 180, "texture": "#1", "cullface": "north"},
				"down": {"uv": [0, 0, 16, 16], "texture": "#1"}
			}
		},
		{
			"from": [6, -16, 6],
			"to": [10, 0, 10],
			"rotation": {"angle": 0, "axis": "y", "origin": [8, 12, 8]},
			"faces": {
				"north": {"uv": [0, 0, 16, 4], "rotation": 270, "texture": "#2"},
				"east": {"uv": [0, 0, 16, 4], "rotation": 270, "texture": "#2"},
				"south": {"uv": [0, 0, 16, 4], "rotation": 270, "texture": "#2"},
				"west": {"uv": [16, 4, 0, 0], "rotation": 90, "texture": "#2"}
			}
		},
		{
			"from": [8.85365, 6.3636, 10.93917],
			"to": [9.99996, 7.7948, 11.76237],
			"rotation": {"angle": -22.5, "axis": "y", "origin": [9.99996, 11.4492, 5.99997]},
			"faces": {
				"north": {"uv": [7.032, 13.032, 10.968, 13.968], "rotation": 180, "texture": "#4"},
				"east": {"uv": [8.032, 13.032, 8.968, 13.968], "rotation": 180, "texture": "#4"},
				"south": {"uv": [7.032, 13.032, 9, 13.968], "texture": "#4"},
				"up": {"uv": [7.032, 13.032, 9, 13.968], "texture": "#4"},
				"down": {"uv": [7.032, 13.032, 10.968, 13.968], "rotation": 180, "texture": "#4"}
			}
		},
		{
			"from": [4.67613, 6.3636, 5.91255],
			"to": [5.49933, 7.7948, 7.05886],
			"rotation": {"angle": 22.5, "axis": "y", "origin": [10.43853, 11.4492, 7.05886]},
			"faces": {
				"north": {"uv": [8.032, 13.032, 8.968, 13.968], "rotation": 180, "texture": "#4"},
				"east": {"uv": [7.032, 13.032, 10.968, 13.968], "rotation": 180, "texture": "#4"},
				"south": {"uv": [7.032, 13.032, 7.968, 13.968], "rotation": 180, "texture": "#4"},
				"west": {"uv": [7.032, 13.032, 9, 13.968], "rotation": 180, "texture": "#4"},
				"up": {"uv": [7.032, 13.032, 9, 13.968], "rotation": 270, "texture": "#4"},
				"down": {"uv": [7.032, 13.032, 10.968, 13.968], "rotation": 90, "texture": "#4"}
			}
		},
		{
			"from": [4.23756, 6.3636, 4.85366],
			"to": [5.06076, 7.7948, 7.14628],
			"rotation": {"angle": 45, "axis": "y", "origin": [9.99996, 11.4492, 5.99997]},
			"faces": {
				"north": {"uv": [7.032, 13.032, 7.968, 13.968], "rotation": 180, "texture": "#4"},
				"east": {"uv": [7.032, 13.032, 10.968, 13.968], "rotation": 180, "texture": "#4"},
				"west": {"uv": [7.032, 13.032, 10.968, 13.968], "rotation": 180, "texture": "#4"},
				"up": {"uv": [7.032, 13.032, 10.968, 13.968], "rotation": 90, "texture": "#4"},
				"down": {"uv": [7.032, 13.032, 10.968, 13.968], "rotation": 90, "texture": "#4"}
			}
		},
		{
			"name": "hexadecagon",
			"from": [8.96651, 4.5, 8.72947],
			"to": [11.04257, 7.5, 11.24152],
			"rotation": {"angle": -45, "axis": "y", "origin": [9.99996, 7, 5.99997]},
			"faces": {
				"south": {"uv": [7.032, 13.032, 10.968, 13.968], "rotation": 180, "texture": "#4"},
				"west": {"uv": [3.97, 8.75, 4.47, 9.75], "rotation": 180, "texture": "#4"},
				"up": {"uv": [5.25, 9.25, 5.75, 9.75], "texture": "#4"}
			}
		},
		{
			"name": "hexadecagon",
			"from": [9.02107, 4.5, 6.4146],
			"to": [9.59181, 7.5, 6.98533],
			"rotation": {"angle": 0, "axis": "y", "origin": [8.79236, 7, 6.18796]},
			"faces": {
				"north": {"uv": [4.47, 8.75, 4.22, 9.75], "rotation": 180, "texture": "#4"},
				"east": {"uv": [4.47, 8.75, 4.22, 9.75], "rotation": 180, "texture": "#4"},
				"up": {"uv": [5.25, 9.25, 5.75, 9.75], "rotation": 90, "texture": "#4"}
			}
		},
		{
			"name": "hexadecagon",
			"from": [6.95431, 7.35, 7.44997],
			"to": [8.55431, 7.95, 9.04997],
			"rotation": {"angle": -45, "axis": "y", "origin": [7.74996, 6.95, 8.24997]},
			"faces": {
				"north": {"uv": [2.032, 0.032, 5.989, 0.968], "rotation": 180, "texture": "#3"},
				"east": {"uv": [5.032, 0.032, 5.968, 3.968], "rotation": 90, "texture": "#3"},
				"south": {"uv": [2.032, 3.032, 5.989, 3.968], "texture": "#3"},
				"west": {"uv": [2.032, 0.032, 2.968, 3.968], "rotation": 270, "texture": "#3"},
				"up": {"uv": [2.032, 0.032, 5.989, 3.968], "texture": "#3"}
			}
		},
		{
			"name": "hexadecagon",
			"from": [7.27431, 7.95, 7.68997],
			"to": [8.23431, 8.35, 8.64997],
			"rotation": {"angle": -22.5, "axis": "y", "origin": [7.74996, 6.75, 8.24997]},
			"faces": {
				"north": {"uv": [4.032, 1.032, 5.989, 1.968], "texture": "#3"},
				"east": {"uv": [4.032, 2.032, 5.989, 2.968], "texture": "#3"},
				"south": {"uv": [4.032, 1.032, 4.989, 2.968], "texture": "#3"},
				"west": {"uv": [4.032, 2.032, 5.989, 2.968], "texture": "#3"},
				"up": {"uv": [4.032, 1.032, 5.989, 2.968], "texture": "#3"}
			}
		},
		{
			"name": "hexadecagon",
			"from": [7.55431, 8.23, 7.88997],
			"to": [7.95431, 8.63, 8.28997],
			"rotation": {"angle": 0, "axis": "y", "origin": [7.74996, 6.75, 8.24997]},
			"faces": {
				"north": {"uv": [5.032, 2.032, 5.989, 2.968], "texture": "#3"},
				"east": {"uv": [5.032, 2.032, 5.989, 2.968], "texture": "#3"},
				"south": {"uv": [5.032, 2.032, 5.989, 2.968], "texture": "#3"},
				"west": {"uv": [5.032, 2.032, 5.989, 2.968], "texture": "#3"},
				"up": {"uv": [5.032, 2.032, 5.989, 2.968], "texture": "#3"}
			}
		},
		{
			"name": "hexadecagon",
			"from": [8.95735, 4.5, 7.06652],
			"to": [9.99996, 7.5, 11.24152],
			"rotation": {"angle": -22.5, "axis": "y", "origin": [9.99996, 7, 5.99997]},
			"faces": {
				"east": {"uv": [4.47, 8.75, 3.97, 9.75], "rotation": 180, "texture": "#4"},
				"south": {"uv": [7.032, 13.032, 9, 13.968], "texture": "#4"},
				"up": {"uv": [5.25, 9.25, 5.75, 9.75], "texture": "#4"}
			}
		},
		{
			"name": "hexadecagon",
			"from": [5.16388, 4.5, 5.92708],
			"to": [9.33888, 7.5, 6.96969],
			"rotation": {"angle": 22.5, "axis": "y", "origin": [10.40543, 7, 6.96969]},
			"faces": {
				"north": {"uv": [3.97, 8.75, 4.47, 9.75], "rotation": 180, "texture": "#4"},
				"west": {"uv": [7.032, 13.032, 9, 13.968], "rotation": 180, "texture": "#4"},
				"up": {"uv": [5.25, 9.25, 5.75, 9.75], "rotation": 90, "texture": "#4"}
			}
		},
		{
			"from": [3.66132, 7.60504, 4.73903],
			"to": [4.56684, 8.15186, 7.26091],
			"rotation": {"angle": 45, "axis": "y", "origin": [9.99996, 12.1992, 5.99997]},
			"faces": {
				"north": {"uv": [7.032, 13.032, 7.968, 13.968], "rotation": 180, "texture": "#4"},
				"east": {"uv": [7.032, 13.032, 10.968, 13.968], "rotation": 180, "texture": "#4"},
				"south": {"uv": [7.032, 13.032, 7.968, 13.968], "rotation": 180, "texture": "#4"},
				"west": {"uv": [7.032, 13.032, 10.968, 13.968], "rotation": 180, "texture": "#4"},
				"up": {"uv": [7.032, 13.032, 10.968, 13.968], "rotation": 90, "texture": "#4"},
				"down": {"uv": [7.032, 13.032, 10.968, 13.968], "rotation": 90, "texture": "#4"}
			}
		},
		{
			"from": [8.73902, 7.605, 11.18309],
			"to": [9.99996, 8.1518, 12.08861],
			"rotation": {"angle": -22.5, "axis": "y", "origin": [9.99996, 12.1992, 5.99997]},
			"faces": {
				"north": {"uv": [7.032, 13.032, 10.968, 13.968], "rotation": 180, "texture": "#4"},
				"east": {"uv": [8.032, 13.032, 8.968, 13.968], "rotation": 180, "texture": "#4"},
				"south": {"uv": [7.032, 13.032, 9, 13.968], "texture": "#4"},
				"west": {"uv": [7.032, 13.032, 7.968, 13.968], "rotation": 180, "texture": "#4"},
				"up": {"uv": [7.032, 13.032, 9, 13.968], "texture": "#4"},
				"down": {"uv": [7.032, 13.032, 10.968, 13.968], "rotation": 180, "texture": "#4"}
			}
		},
		{
			"from": [3.91132, 7.605, 5.99993],
			"to": [4.81684, 8.1518, 7.26087],
			"rotation": {"angle": 22.5, "axis": "y", "origin": [9.99996, 12.1992, 5.99997]},
			"faces": {
				"north": {"uv": [8.032, 13.032, 8.968, 13.968], "rotation": 180, "texture": "#4"},
				"east": {"uv": [7.032, 13.032, 10.968, 13.968], "rotation": 180, "texture": "#4"},
				"south": {"uv": [7.032, 13.032, 7.968, 13.968], "rotation": 180, "texture": "#4"},
				"west": {"uv": [7.032, 13.032, 9, 13.968], "rotation": 180, "texture": "#4"},
				"up": {"uv": [7.032, 13.032, 9, 13.968], "rotation": 270, "texture": "#4"},
				"down": {"uv": [7.032, 13.032, 10.968, 13.968], "rotation": 90, "texture": "#4"}
			}
		}
	],
	"display": {
		"thirdperson_righthand": {
			"translation": [0, 8, 1],
			"scale": [0.55, 0.55, 0.55]
		},
		"thirdperson_lefthand": {
			"translation": [0, 8, 1],
			"scale": [0.55, 0.55, 0.55]
		},
		"firstperson_righthand": {
			"rotation": [0, 180, -18],
			"translation": [-3, 8, 5.5],
			"scale": [0.4, 0.4, 0.4]
		},
		"firstperson_lefthand": {
			"rotation": [0, 180, -18],
			"translation": [-3, 8, 5.5],
			"scale": [0.4, 0.4, 0.4]
		},
		"ground": {
			"translation": [0, 7.5, 0],
			"scale": [0.5, 0.5, 0.5]
		},
		"gui": {
			"rotation": [30, 225, 0],
			"translation": [0, 7, 0],
			"scale": [0.625, 0.625, 0.625]
		},
		"head": {
			"translation": [0, 14.5, 0]
		},
		"fixed": {
			"rotation": [0, 180, 0],
			"translation": [0, 14.5, 0]
		}
	},
	"groups": [
		{
			"name": "cake_uneaten",
			"origin": [8, 8, 8],
			"children": [
				{
					"name": "group",
					"origin": [8, 8.76632, 8],
					"children": [0, 1, 2, 3, 4, 5, 6, 7, 8, 9, 10, 11, 12, 13, 14, 15, 16, 17, 18, 19, 20, 21, 22, 23]
				}
			]
		},
		{
			"name": "template_piston_head_short",
			"origin": [8, 8, 8],
			"children": [24, 25]
		},
		{
			"name": "cake_slice6",
			"origin": [8, 8, 8],
			"children": [
				{
					"name": "cake_uneaten",
					"origin": [8, 8, 8],
					"children": [
						{
							"name": "group",
							"origin": [8, 7.4492, 8],
							"children": [26, 27, 28]
						},
						{
							"name": "hexadecagon",
							"origin": [8, 8, 8],
							"children": [29, 30, 31, 32, 33, 34, 35]
						},
						{
							"name": "group",
							"origin": [8, 7.4492, 8],
							"children": [36, 37, 38]
						}
					]
				}
			]
		}
	]
}