{
	"credit": "Made with Blockbench, a free, modern block model editor by JannisX11",
	"textures": {
		"0": "item/test",
		"top": "block/cauldron_top",
		"bottom": "block/cauldron_bottom",
		"side": "block/cauldron_side",
		"particle": "block/cauldron_side",
		"inside": "block/cauldron_inner",
		"water": "block/water_gray"
	},
	"elements": [
		{
			"name": "cube",
			"from": [0, 3, 0],
			"to": [2, 16, 16],
			"faces": {
				"north": {"uv": [14, 0, 16, 13], "texture": "#side", "cullface": "north"},
				"east": {"uv": [0, 0, 16, 13], "texture": "#side"},
				"south": {"uv": [0, 0, 2, 13], "texture": "#side", "cullface": "south"},
				"west": {"uv": [0, 0, 16, 13], "texture": "#side", "cullface": "west"},
				"up": {"uv": [0, 0, 2, 16], "texture": "#top", "cullface": "up"},
				"down": {"uv": [0, 0, 2, 16], "texture": "#inside"}
			}
		},
		{
			"name": "cube",
			"from": [2, 3, 2],
			"to": [14, 4, 14],
			"faces": {
				"north": {"uv": [2, 12, 14, 13], "texture": "#side", "cullface": "north"},
				"east": {"uv": [2, 12, 14, 13], "texture": "#side", "cullface": "east"},
				"south": {"uv": [2, 12, 14, 13], "texture": "#side", "cullface": "south"},
				"west": {"uv": [2, 12, 14, 13], "texture": "#side", "cullface": "west"},
				"up": {"uv": [2, 2, 14, 14], "texture": "#inside", "cullface": "up"},
				"down": {"uv": [2, 2, 14, 14], "texture": "#inside"}
			}
		},
		{
			"name": "cube",
			"from": [14, 3, 0],
			"to": [16, 16, 16],
			"faces": {
				"north": {"uv": [0, 0, 2, 13], "texture": "#side", "cullface": "north"},
				"east": {"uv": [0, 0, 16, 13], "texture": "#side", "cullface": "east"},
				"south": {"uv": [14, 0, 16, 13], "texture": "#side", "cullface": "south"},
				"west": {"uv": [0, 0, 16, 13], "texture": "#side"},
				"up": {"uv": [14, 0, 16, 16], "texture": "#top", "cullface": "up"},
				"down": {"uv": [14, 0, 16, 16], "texture": "#inside"}
			}
		},
		{
			"name": "cube",
			"from": [2, 3, 0],
			"to": [14, 16, 2],
			"faces": {
				"north": {"uv": [2, 0, 14, 13], "texture": "#side", "cullface": "north"},
				"east": {"uv": [14, 0, 16, 13], "texture": "#side", "cullface": "east"},
				"south": {"uv": [2, 0, 14, 13], "texture": "#side"},
				"west": {"uv": [0, 0, 2, 13], "texture": "#side", "cullface": "west"},
				"up": {"uv": [2, 0, 14, 2], "texture": "#top", "cullface": "up"},
				"down": {"uv": [2, 14, 14, 16], "texture": "#inside"}
			}
		},
		{
			"name": "cube",
			"from": [2, 3, 14],
			"to": [14, 16, 16],
			"faces": {
				"north": {"uv": [2, 0, 14, 13], "texture": "#side"},
				"east": {"uv": [0, 0, 2, 13], "texture": "#side", "cullface": "east"},
				"south": {"uv": [2, 0, 14, 13], "texture": "#side", "cullface": "south"},
				"west": {"uv": [14, 0, 16, 13], "texture": "#side", "cullface": "west"},
				"up": {"uv": [2, 14, 14, 16], "texture": "#top", "cullface": "up"},
				"down": {"uv": [2, 0, 14, 2], "texture": "#inside"}
			}
		},
		{
			"name": "cube",
			"from": [0, 0, 0],
			"to": [4, 3, 2],
			"faces": {
				"north": {"uv": [12, 13, 16, 16], "texture": "#side"},
				"east": {"uv": [14, 13, 16, 16], "texture": "#side"},
				"south": {"uv": [0, 13, 4, 16], "texture": "#side"},
				"west": {"uv": [0, 13, 2, 16], "texture": "#side"},
				"up": {"uv": [0, 0, 4, 2], "texture": "#top"},
				"down": {"uv": [0, 14, 4, 16], "texture": "#bottom"}
			}
		},
		{
			"name": "cube",
			"from": [0, 0, 2],
			"to": [2, 3, 4],
			"faces": {
				"north": {"uv": [14, 13, 16, 16], "texture": "#side"},
				"east": {"uv": [12, 13, 14, 16], "texture": "#side"},
				"south": {"uv": [0, 13, 2, 16], "texture": "#side"},
				"west": {"uv": [2, 13, 4, 16], "texture": "#side"},
				"up": {"uv": [0, 2, 2, 4], "texture": "#top"},
				"down": {"uv": [0, 12, 2, 14], "texture": "#bottom"}
			}
		},
		{
			"name": "cube",
			"from": [12, 0, 0],
			"to": [16, 3, 2],
			"faces": {
				"north": {"uv": [0, 13, 4, 16], "texture": "#side"},
				"east": {"uv": [14, 13, 16, 16], "texture": "#side"},
				"south": {"uv": [12, 13, 16, 16], "texture": "#side"},
				"west": {"uv": [0, 13, 2, 16], "texture": "#side"},
				"up": {"uv": [12, 0, 16, 2], "texture": "#top"},
				"down": {"uv": [12, 14, 16, 16], "texture": "#bottom"}
			}
		},
		{
			"name": "cube",
			"from": [14, 0, 2],
			"to": [16, 3, 4],
			"faces": {
				"north": {"uv": [0, 13, 2, 16], "texture": "#side"},
				"east": {"uv": [12, 13, 14, 16], "texture": "#side"},
				"south": {"uv": [14, 13, 16, 16], "texture": "#side"},
				"west": {"uv": [2, 13, 4, 16], "texture": "#side"},
				"up": {"uv": [14, 2, 16, 4], "texture": "#top"},
				"down": {"uv": [14, 12, 16, 14], "texture": "#bottom"}
			}
		},
		{
			"name": "cube",
			"from": [0, 0, 14],
			"to": [4, 3, 16],
			"faces": {
				"north": {"uv": [12, 13, 16, 16], "texture": "#side"},
				"east": {"uv": [0, 13, 2, 16], "texture": "#side"},
				"south": {"uv": [0, 13, 4, 16], "texture": "#side"},
				"west": {"uv": [14, 13, 16, 16], "texture": "#side"},
				"up": {"uv": [0, 14, 4, 16], "texture": "#top"},
				"down": {"uv": [0, 0, 4, 2], "texture": "#bottom"}
			}
		},
		{
			"name": "cube",
			"from": [0, 0, 12],
			"to": [2, 3, 14],
			"faces": {
				"north": {"uv": [14, 13, 16, 16], "texture": "#side"},
				"east": {"uv": [2, 13, 4, 16], "texture": "#side"},
				"south": {"uv": [0, 13, 2, 16], "texture": "#side"},
				"west": {"uv": [12, 13, 14, 16], "texture": "#side"},
				"up": {"uv": [0, 12, 2, 14], "texture": "#top"},
				"down": {"uv": [0, 2, 2, 4], "texture": "#bottom"}
			}
		},
		{
			"name": "cube",
			"from": [12, 0, 14],
			"to": [16, 3, 16],
			"faces": {
				"north": {"uv": [0, 13, 4, 16], "texture": "#side"},
				"east": {"uv": [0, 13, 2, 16], "texture": "#side"},
				"south": {"uv": [12, 13, 16, 16], "texture": "#side"},
				"west": {"uv": [14, 13, 16, 16], "texture": "#side"},
				"up": {"uv": [12, 14, 16, 16], "texture": "#top"},
				"down": {"uv": [12, 0, 16, 2], "texture": "#bottom"}
			}
		},
		{
			"name": "cube",
			"from": [14, 0, 12],
			"to": [16, 3, 14],
			"faces": {
				"north": {"uv": [0, 13, 2, 16], "texture": "#side"},
				"east": {"uv": [2, 13, 4, 16], "texture": "#side"},
				"south": {"uv": [14, 13, 16, 16], "texture": "#side"},
				"west": {"uv": [12, 13, 14, 16], "texture": "#side"},
				"up": {"uv": [14, 12, 16, 14], "texture": "#top"},
				"down": {"uv": [14, 2, 16, 4], "texture": "#bottom"}
			}
		},
		{
			"name": "cube",
			"from": [2, 15, 2],
			"to": [14, 15, 14],
			"faces": {"up": {"uv": [2, 2, 14, 14], "texture": "#water", "tintindex": 0}}
		},
		{
			"name": "cube",
			"from": [-8, -6, -4.000000000000001],
			"to": [24, 32, -3.000000000000001],
			"faces": {"north": {"uv": [0, 0, 16, 16], "texture": "#0"}},
			"rotation": {"origin": [8, 8, 8], "axis": "y", "angle": -45}
		}
	],
	"display": {
		"thirdperson_righthand": {
			"scale": [0.375, 0.375, 0.375],
			"rotation": [75, -135, 0],
			"translation": [0, 2.5, 0]
		},
		"thirdperson_lefthand": {
			"scale": [0.375, 0.375, 0.375],
			"rotation": [75, 135, 0],
			"translation": [0, 2.5, 0]
		},
		"firstperson_righthand": {
			"rotation": [0, -165, 0],
			"translation": [-2, 3.5, -4],
			"scale": [0.4, 0.4, 0.4]
		},
		"firstperson_lefthand": {
			"scale": [0.4, 0.4, 0.4],
			"rotation": [0, 10, 0],
			"translation": [0, 0, 0]
		},
		"head": {"scale": [1, 1, 1]},
		"ground": {"scale": [0.5, 0.5, 0.5], "rotation": [0, 0, 0], "translation": [0, 2, 0]},
		"fixed": {"scale": [1, 1, 1]},
		"gui": {"scale": [0.625, 0.625, 0.625], "rotation": [30, 225, 0], "translation": [0, 0, 0]}
	},
	"ambientocclusion": false
}