{
	"custom.evil_laugh": {
		"sounds":[
			{
				"name":"custom/evil_laugh",
				"stream":true
			}
		]
	},
	"item.armor.equip_generic": {
		"replace": true,
		"subtitle": "",
		"sounds":[
			{
				"name":"custom/no_sound"
			}
		]
	},
	"item.armor.equip_leather": {
		"replace": true,
		"subtitle": "",
		"sounds":[
			{
				"name":"custom/no_sound"
			}
		]
	},
	"item.armor.equip_elytra": {
		"subtitle": "Costume rustle",
		"replace": true,
		"sounds":[
			{"name":"item/armor/equip_leather1"},
			{"name":"item/armor/equip_leather2"},
			{"name":"item/armor/equip_leather3"},
			{"name":"item/armor/equip_leather4"},
			{"name":"item/armor/equip_leather5"},
			{"name":"item/armor/equip_leather6"}
		]
	},
	"entity.vex.death": {
		"subtitle": "Ghost screams",
		"replace": true,
		"sounds":[
			{"name":"mob/vex/death1"},
			{"name":"mob/vex/death2"}
		]
	},
	"entity.vex.ambient": {
		"subtitle": "Evil laugh",
		"replace": true,
		"sounds":[
			{"name":"mob/vex/idle2"}
		]
	},
	"block.anvil.use": {
		"replace": true,
		"subtitle": "Password entered",
		"sounds":[
			{
				"name":"custom/no_sound"
			}
		]
	},
	"block.anvil.break": {
		"replace": true,
		"subtitle": "",
		"sounds":[
			{
				"name":"custom/no_sound"
			}
		]
	}	
}