{
    "__comment": "Model generated using MrCrayfish's Model Creator (http://mrcrayfish.com/modelcreator/)",
	"textures": {
        "particle": "block/gravestone",
        "0": "block/gravestone",
        "1": "block/dark_stone"
    },
    "elements": [
        {
            "name": "Bottom",
            "from": [ 0.0, 0.0, 0.0 ], 
            "to": [ 16.0, 1.0, 5.0 ], 
            "faces": {
                "north": { "texture": "#0", "uv": [ 0.0, 0.0, 16.0, 0.9 ] },
                "east": { "texture": "#0", "uv": [ 6.0, 0.0, 11.0, 0.9 ] },
                "south": { "texture": "#0", "uv": [ 0.0, 0.0, 16.0, 0.9 ] },
                "west": { "texture": "#0", "uv": [ 5.0, 0.0, 10.0, 0.9 ] },
                "up": { "texture": "#0", "uv": [ 0.0, 0.0, 16.0, 0.9 ] },
                "down": { "texture": "#0", "uv": [ 0.0, 0.0, 16.0, 0.9 ] }
            }
        },
        {
            "name": "Bottom",
            "from": [ 0.5000000074505806, 1.0, 0.4999999925494194 ], 
            "to": [ 15.50000000745058, 2.0, 4.499999992549419 ], 
            "faces": {
                "north": { "texture": "#0", "uv": [ 0.0, 15.0, 15.0, 16.0 ] },
                "east": { "texture": "#0", "uv": [ 3.0, 15.0, 7.0, 16.0 ] },
                "south": { "texture": "#0", "uv": [ 0.0, 15.0, 15.0, 16.0 ] },
                "west": { "texture": "#0", "uv": [ 4.0, 15.0, 8.0, 16.0 ] },
                "up": { "texture": "#0", "uv": [ 0.0, 15.0, 15.0, 16.0 ] },
                "down": { "texture": "#0", "uv": [ 0.0, 15.0, 15.0, 16.0 ] }
            }
        },
        {
            "name": "Bottom",
            "from": [ 1.0100000074505806, 4.0, 0.52 ], 
            "to": [ 14.99000000745058, 5.0, 4.489999992549419 ], 
            "faces": {
                "north": { "texture": "#0", "uv": [ 0.0, 15.0, 15.0, 16.0 ] },
                "east": { "texture": "#0", "uv": [ 3.0, 15.0, 7.0, 16.0 ] },
                "south": { "texture": "#0", "uv": [ 0.0, 15.0, 15.0, 16.0 ] },
                "west": { "texture": "#0", "uv": [ 4.0, 15.0, 8.0, 16.0 ] },
                "up": { "texture": "#0", "uv": [ 0.0, 15.0, 15.0, 16.0 ] },
                "down": { "texture": "#0", "uv": [ 0.0, 15.0, 15.0, 16.0 ] }
            }
        },
        {
            "name": "Side",
            "from": [ 1.0, 2.0, 0.4999999925494194 ], 
            "to": [ 2.0, 12.0, 4.499999992549419 ], 
            "faces": {
                "north": { "texture": "#0", "uv": [ 0.1, 0.1, 0.9, 9.90 ] },
                "east": { "texture": "#0", "uv": [ 15.1, 3.1, 15.90, 12.90 ] },
                "south": { "texture": "#0", "uv": [ 0.1, 0.1, 0.90, 9.90 ] },
                "west": { "texture": "#0", "uv": [ 15.1, 1.1, 15.9, 10.90 ] },
                "up": { "texture": "#0", "uv": [ 0.1, 15.1, 3.90, 15.90 ], "rotation": 90 }
            }
        },
        {
            "name": "Top",
            "from": [ 3.0, 13.0, 0.4999999925494194 ], 
            "to": [ 13.0, 14.0, 4.499999992549419 ], 
            "faces": {
                "north": { "texture": "#0", "uv": [ 0.0, 15.0, 10.0, 16.0 ] },
                "east": { "texture": "#0", "uv": [ 0.0, 15.0, 4.0, 16.0 ] },
                "south": { "texture": "#0", "uv": [ 0.0, 15.0, 10.0, 16.0 ] },
                "west": { "texture": "#0", "uv": [ 0.0, 15.0, 4.0, 16.0 ] },
                "up": { "texture": "#0", "uv": [ 0.0, 15.0, 10.0, 16.0 ] },
                "down": { "texture": "#0", "uv": [ 0.0, 15.0, 10.0, 16.0 ] }
            }
        },
        {
            "name": "Side",
            "from": [ 14.0, 2.0, 0.4999999925494194 ], 
            "to": [ 15.0, 12.0, 4.499999992549419 ], 
            "faces": {
                "north": { "texture": "#0", "uv": [ 0.1, 5.10, 0.9, 14.9 ] },
                "east": { "texture": "#0", "uv": [ 15.10, 0.10, 15.90, 9.9 ] },
                "south": { "texture": "#0", "uv": [ 0.10, 2.10, 0.90, 11.9 ] },
                "west": { "texture": "#0", "uv": [ 15.10, 3.10, 15.90, 12.9 ] },
                "up": { "texture": "#0", "uv": [ 0.10, 15.10, 3.9, 15.9 ] }
            }
        },
        {
            "name": "Corner",
            "from": [ 1.16, 11.23, 0.49 ], 
            "to": [ 2.16, 12.23, 4.51 ], 
            "rotation": { "origin": [ 3.0, 12.0, 3.0 ], "axis": "z", "angle": -22.5 },
            "faces": {
                "north": { "texture": "#0", "uv": [ 0.0, 7.0, 1.0, 8.0 ] },
                "east": { "texture": "#0", "uv": [ 15.0, 6.0, 16.0, 7.0 ] },
                "south": { "texture": "#0", "uv": [ 0.0, 3.0, 1.0, 4.0 ] },
                "west": { "texture": "#0", "uv": [ 15.0, 8.0, 16.0, 9.0 ] },
                "up": { "texture": "#0", "uv": [ 0.0, 9.0, 1.0, 10.0 ] },
                "down": { "texture": "#0", "uv": [ 0.0, 12.0, 1.0, 13.0 ] }
            }
        },
        {
            "name": "Corner",
            "from": [ 1.21, 11.5, 0.5 ], 
            "to": [ 2.21, 12.5, 4.5 ], 
            "rotation": { "origin": [ 3.0, 12.0, 3.0 ], "axis": "z", "angle": -45.0 },
            "faces": {
                "north": { "texture": "#0", "uv": [ 0.0, 0.0, 1.0, 0.9 ] },
                "east": { "texture": "#0", "uv": [ 15.0, 3.0, 16.0, 4.0 ] },
                "south": { "texture": "#0", "uv": [ 0.0, 0.0, 1.0, 0.9 ] },
                "west": { "texture": "#0", "uv": [ 15.0, 1.0, 16.0, 2.0 ] },
                "up": { "texture": "#0", "uv": [ 0.0, 15.0, 1.0, 16.0 ] },
                "down": { "texture": "#0", "uv": [ 0.0, 15.0, 1.0, 16.0 ] }
            }
        },
        {
            "name": "Corner",
            "from": [ 2.76, 12.845, 0.49 ], 
            "to": [ 3.76, 13.845, 4.51 ], 
            "rotation": { "origin": [ 3.0, 12.0, 3.0 ], "axis": "z", "angle": 22.5 },
            "faces": {
                "north": { "texture": "#0", "uv": [ 0.0, 2.0, 1.0, 3.0 ] },
                "east": { "texture": "#0", "uv": [ 15.0, 4.0, 16.0, 5.0 ] },
                "south": { "texture": "#0", "uv": [ 0.0, 3.0, 1.0, 4.0 ] },
                "west": { "texture": "#0", "uv": [ 15.0, 3.0, 16.0, 4.0 ] },
                "up": { "texture": "#0", "uv": [ 0.0, 12.0, 1.0, 13.0 ] },
                "down": { "texture": "#0", "uv": [ 0.0, 13.0, 1.0, 14.0 ] }
            }
        },
        {
            "name": "Stone",
            "from": [ 2.0, 1.0, 1.0 ], 
            "to": [ 14.0, 13.0, 4.0 ], 
            "faces": {
                "north": { "texture": "#1", "uv": [ 0.0, 0.0, 16.0, 16.0 ] },
                "south": { "texture": "#1", "uv": [ 0.0, 0.0, 16.0, 16.0 ] }
            }
        },
        {
            "name": "Writing",
            "from": [ 4.0, 6.0, 3.95 ], 
            "to": [ 12.0, 12.0, 4.050000001490116 ], 
            "faces": {
                "south": { "texture": "#0", "uv": [ 1.0, 1.0, 15.0, 15.0 ] }
            }
        },
        {
            "name": "Corner",
            "from": [ 12.48, 12.78, 0.5 ], 
            "to": [ 13.530000000000001, 13.78, 4.5 ], 
            "rotation": { "origin": [ 13.0, 12.0, 3.0 ], "axis": "z", "angle": -45.0 },
            "faces": {
                "north": { "texture": "#0", "uv": [ 0.0, 10.0, 1.0, 11.0 ] },
                "east": { "texture": "#0", "uv": [ 15.0, 2.0, 16.0, 3.0 ] },
                "south": { "texture": "#0", "uv": [ 0.0, 7.0, 1.0, 8.0 ] },
                "west": { "texture": "#0", "uv": [ 15.0, 3.0, 16.0, 4.0 ] },
                "up": { "texture": "#0", "uv": [ 0.0, 15.0, 1.0, 16.0 ] },
                "down": { "texture": "#0", "uv": [ 0.0, 6.0, 1.0, 7.0 ] }
            }
        },
        {
            "name": "Corner",
            "from": [ 12.2, 12.85, 0.49 ], 
            "to": [ 13.2, 13.85, 4.51 ], 
            "rotation": { "origin": [ 13.0, 12.0, 3.0 ], "axis": "z", "angle": -22.5 },
            "faces": {
                "north": { "texture": "#0", "uv": [ 0.0, 9.0, 1.0, 10.0 ] },
                "east": { "texture": "#0", "uv": [ 15.0, 10.0, 16.0, 11.0 ] },
                "south": { "texture": "#0", "uv": [ 0.0, 6.0, 1.0, 7.0 ] },
                "west": { "texture": "#0", "uv": [ 15.0, 11.0, 16.0, 12.0 ] },
                "up": { "texture": "#0", "uv": [ 0.0, 11.0, 1.0, 12.0 ] },
                "down": { "texture": "#0", "uv": [ 0.0, 13.0, 1.0, 14.0 ] }
            }
        },
        {
            "name": "Corner",
            "from": [ 13.845, 11.23, 0.49 ], 
            "to": [ 14.845, 12.23, 4.51 ], 
            "rotation": { "origin": [ 13.0, 12.0, 3.0 ], "axis": "z", "angle": 22.5 },
            "faces": {
                "north": { "texture": "#0", "uv": [ 0.0, 7.0, 1.0, 8.0 ] },
                "east": { "texture": "#0", "uv": [ 15.0, 6.0, 16.0, 7.0 ] },
                "south": { "texture": "#0", "uv": [ 0.0, 3.0, 1.0, 4.0 ] },
                "west": { "texture": "#0", "uv": [ 15.0, 8.0, 16.0, 9.0 ] },
                "up": { "texture": "#0", "uv": [ 0.0, 9.0, 1.0, 10.0 ] },
                "down": { "texture": "#0", "uv": [ 0.0, 12.0, 1.0, 13.0 ] }
            }
        }
    ]
}