{
	"credit": "Made with Blockbench by dragonmaster95",
	"ambientocclusion": false,
	"textures": {
		"2": "block/white_wool",
		"1_0": "item/pumpkin_pie",
		"1_1_0": "block/quartz_pillar_top"
	},
	"elements": [
		{
			"from": [6.85365, 2.3636, 12.93917],
			"to": [7.99996, 3.7948, 13.76237],
			"rotation": {"angle": -22.5, "axis": "y", "origin": [7.99996, 7.4492, 7.99997]},
			"faces": {
				"north": {"uv": [7.032, 13.032, 10.968, 13.968], "rotation": 180, "texture": "#1_0"},
				"east": {"uv": [8.032, 13.032, 8.968, 13.968], "rotation": 180, "texture": "#1_0"},
				"south": {"uv": [7.032, 13.032, 9, 13.968], "texture": "#1_0"},
				"up": {"uv": [7.032, 13.032, 9, 13.968], "texture": "#1_0"},
				"down": {"uv": [7.032, 13.032, 10.968, 13.968], "rotation": 180, "texture": "#1_0"}
			}
		},
		{
			"from": [2.67613, 2.3636, 7.91255],
			"to": [3.49933, 3.7948, 9.05886],
			"rotation": {"angle": 22.5, "axis": "y", "origin": [8.43853, 7.4492, 9.05886]},
			"faces": {
				"north": {"uv": [8.032, 13.032, 8.968, 13.968], "rotation": 180, "texture": "#1_0"},
				"east": {"uv": [7.032, 13.032, 10.968, 13.968], "rotation": 180, "texture": "#1_0"},
				"south": {"uv": [7.032, 13.032, 7.968, 13.968], "rotation": 180, "texture": "#1_0"},
				"west": {"uv": [7.032, 13.032, 9, 13.968], "rotation": 180, "texture": "#1_0"},
				"up": {"uv": [7.032, 13.032, 9, 13.968], "rotation": 270, "texture": "#1_0"},
				"down": {"uv": [7.032, 13.032, 10.968, 13.968], "rotation": 90, "texture": "#1_0"}
			}
		},
		{
			"from": [2.23756, 2.3636, 6.85366],
			"to": [3.06076, 3.7948, 9.14628],
			"rotation": {"angle": 45, "axis": "y", "origin": [7.99996, 7.4492, 7.99997]},
			"faces": {
				"north": {"uv": [7.032, 13.032, 7.968, 13.968], "rotation": 180, "texture": "#1_0"},
				"east": {"uv": [7.032, 13.032, 10.968, 13.968], "rotation": 180, "texture": "#1_0"},
				"west": {"uv": [7.032, 13.032, 10.968, 13.968], "rotation": 180, "texture": "#1_0"},
				"up": {"uv": [7.032, 13.032, 10.968, 13.968], "rotation": 90, "texture": "#1_0"},
				"down": {"uv": [7.032, 13.032, 10.968, 13.968], "rotation": 90, "texture": "#1_0"}
			}
		},
		{
			"from": [6.42785, 0.8636, 14.5856],
			"to": [9.57215, 1.6868, 15.90272],
			"rotation": {"angle": -22.5, "axis": "y", "origin": [8, 8.76632, 8]},
			"faces": {
				"north": {"uv": [5.1, 5.1, 5.9, 5.9], "rotation": 270, "texture": "#1_1_0"},
				"south": {"uv": [5.1, 5.1, 5.9, 5.9], "rotation": 270, "texture": "#1_1_0"},
				"up": {"uv": [5.1, 5.1, 5.9, 5.9], "rotation": 270, "texture": "#1_1_0"},
				"down": {"uv": [5.1, 5.1, 5.9, 5.9], "rotation": 270, "texture": "#1_1_0"}
			}
		},
		{
			"from": [6.68988, 0.04, 1.4144],
			"to": [9.31012, 0.8632, 14.5856],
			"faces": {
				"north": {"uv": [5.1, 5.1, 5.9, 5.9], "rotation": 270, "texture": "#1_1_0"},
				"south": {"uv": [5.1, 5.1, 5.9, 5.9], "rotation": 270, "texture": "#1_1_0"},
				"up": {"uv": [7.032, 6.875, 7.968, 9.125], "rotation": 180, "texture": "#1_1_0"}
			}
		},
		{
			"from": [6.68988, 0.0404, 1.4144],
			"to": [9.31012, 0.8636, 14.5856],
			"rotation": {"angle": 22.5, "axis": "y", "origin": [8, 6.626, 8]},
			"faces": {
				"north": {"uv": [5.1, 5.1, 5.9, 5.9], "rotation": 270, "texture": "#1_1_0"},
				"south": {"uv": [5.1, 5.1, 5.9, 5.9], "rotation": 270, "texture": "#1_1_0"},
				"up": {"uv": [7.032, 6.875, 7.968, 9.125], "rotation": 180, "texture": "#1_1_0"}
			}
		},
		{
			"from": [6.68988, 0.04, 1.4144],
			"to": [9.31012, 0.8632, 14.5856],
			"rotation": {"angle": 45, "axis": "y", "origin": [8, 6.626, 8]},
			"faces": {
				"north": {"uv": [5.1, 5.1, 5.9, 5.9], "rotation": 270, "texture": "#1_1_0"},
				"south": {"uv": [5.1, 5.1, 5.9, 5.9], "rotation": 270, "texture": "#1_1_0"},
				"up": {"uv": [7.032, 6.875, 7.968, 9.125], "rotation": 180, "texture": "#1_1_0"}
			}
		},
		{
			"from": [1.4144, 0.0404, 6.68988],
			"to": [14.5856, 0.8636, 9.31012],
			"rotation": {"angle": -22.5, "axis": "y", "origin": [8, 6.626, 8]},
			"faces": {
				"east": {"uv": [5.1, 5.1, 5.9, 5.9], "rotation": 270, "texture": "#1_1_0"},
				"west": {"uv": [5.1, 5.1, 5.9, 5.9], "rotation": 270, "texture": "#1_1_0"},
				"up": {"uv": [7.032, 6.875, 7.968, 9.125], "rotation": 90, "texture": "#1_1_0"}
			}
		},
		{
			"from": [1.4144, 0.04, 6.68988],
			"to": [14.5856, 0.8632, 9.31012],
			"rotation": {"angle": 0, "axis": "y", "origin": [8, 6.626, 8]},
			"faces": {
				"east": {"uv": [5.1, 5.1, 5.9, 5.9], "rotation": 270, "texture": "#1_1_0"},
				"west": {"uv": [5.1, 5.1, 5.9, 5.9], "rotation": 270, "texture": "#1_1_0"},
				"up": {"uv": [7.032, 6.875, 7.968, 9.125], "rotation": 90, "texture": "#1_1_0"}
			}
		},
		{
			"from": [1.4144, 0.0404, 6.68988],
			"to": [14.5856, 0.8636, 9.31012],
			"rotation": {"angle": 22.5, "axis": "y", "origin": [8, 6.626, 8]},
			"faces": {
				"east": {"uv": [5.1, 5.1, 5.9, 5.9], "rotation": 270, "texture": "#1_1_0"},
				"west": {"uv": [5.1, 5.1, 5.9, 5.9], "rotation": 270, "texture": "#1_1_0"},
				"up": {"uv": [7.032, 6.875, 7.968, 9.125], "rotation": 90, "texture": "#1_1_0"}
			}
		},
		{
			"from": [1.4144, 0.04, 6.68988],
			"to": [14.5856, 0.8632, 9.31012],
			"rotation": {"angle": 45, "axis": "y", "origin": [8, 6.626, 8]},
			"faces": {
				"east": {"uv": [5.1, 5.1, 5.9, 5.9], "rotation": 270, "texture": "#1_1_0"},
				"west": {"uv": [5.1, 5.1, 5.9, 5.9], "rotation": 270, "texture": "#1_1_0"},
				"up": {"uv": [7.032, 6.875, 7.968, 9.125], "rotation": 90, "texture": "#1_1_0"}
			}
		},
		{
			"from": [6.68988, 0.0404, 1.4144],
			"to": [9.31012, 0.8636, 14.5856],
			"rotation": {"angle": -22.5, "axis": "y", "origin": [8, 6.626, 8]},
			"faces": {
				"north": {"uv": [5.1, 5.1, 5.9, 5.9], "rotation": 270, "texture": "#1_1_0"},
				"south": {"uv": [5.1, 5.1, 5.9, 5.9], "rotation": 270, "texture": "#1_1_0"},
				"up": {"uv": [7.032, 6.875, 7.968, 9.125], "rotation": 180, "texture": "#1_1_0"}
			}
		},
		{
			"from": [14.5856, 0.8636, 6.42785],
			"to": [15.90272, 1.6868, 9.57215],
			"faces": {
				"east": {"uv": [5.1, 5.1, 5.9, 5.9], "rotation": 270, "texture": "#1_1_0"},
				"west": {"uv": [5.1, 5.1, 5.9, 5.9], "rotation": 270, "texture": "#1_1_0"},
				"up": {"uv": [5.1, 5.1, 5.9, 5.9], "texture": "#1_1_0"},
				"down": {"uv": [5.1, 5.1, 5.9, 5.9], "rotation": 180, "texture": "#1_1_0"}
			}
		},
		{
			"from": [14.5856, 0.8636, 6.42785],
			"to": [15.90272, 1.6868, 9.57215],
			"rotation": {"angle": 22.5, "axis": "y", "origin": [8, 8.76632, 8]},
			"faces": {
				"east": {"uv": [5.1, 5.1, 5.9, 5.9], "rotation": 270, "texture": "#1_1_0"},
				"west": {"uv": [5.1, 5.1, 5.9, 5.9], "rotation": 270, "texture": "#1_1_0"},
				"up": {"uv": [5.1, 5.1, 5.9, 5.9], "texture": "#1_1_0"},
				"down": {"uv": [5.1, 5.1, 5.9, 5.9], "rotation": 180, "texture": "#1_1_0"}
			}
		},
		{
			"from": [14.5856, 0.8636, 6.42785],
			"to": [15.90272, 1.6868, 9.57215],
			"rotation": {"angle": 45, "axis": "y", "origin": [8, 8.76632, 8]},
			"faces": {
				"east": {"uv": [5.1, 5.1, 5.9, 5.9], "rotation": 270, "texture": "#1_1_0"},
				"west": {"uv": [5.1, 5.1, 5.9, 5.9], "rotation": 270, "texture": "#1_1_0"},
				"up": {"uv": [5.1, 5.1, 5.9, 5.9], "texture": "#1_1_0"},
				"down": {"uv": [5.1, 5.1, 5.9, 5.9], "rotation": 180, "texture": "#1_1_0"}
			}
		},
		{
			"from": [14.5856, 0.8636, 6.42785],
			"to": [15.90272, 1.6868, 9.57215],
			"rotation": {"angle": -22.5, "axis": "y", "origin": [8, 8.76632, 8]},
			"faces": {
				"east": {"uv": [5.1, 5.1, 5.9, 5.9], "rotation": 270, "texture": "#1_1_0"},
				"west": {"uv": [5.1, 5.1, 5.9, 5.9], "rotation": 270, "texture": "#1_1_0"},
				"up": {"uv": [5.1, 5.1, 5.9, 5.9], "rotation": 180, "texture": "#1_1_0"},
				"down": {"uv": [5.1, 5.1, 5.9, 5.9], "texture": "#1_1_0"}
			}
		},
		{
			"from": [6.42785, 0.8636, 0.09728],
			"to": [9.57215, 1.6868, 1.4144],
			"faces": {
				"north": {"uv": [5.1, 5.1, 5.9, 5.9], "rotation": 270, "texture": "#1_1_0"},
				"south": {"uv": [5.1, 5.1, 5.9, 5.9], "rotation": 270, "texture": "#1_1_0"},
				"up": {"uv": [5.1, 5.1, 5.9, 5.9], "rotation": 270, "texture": "#1_1_0"},
				"down": {"uv": [5.1, 5.1, 5.9, 5.9], "rotation": 270, "texture": "#1_1_0"}
			}
		},
		{
			"from": [6.42785, 0.8636, 0.09728],
			"to": [9.57215, 1.6868, 1.4144],
			"rotation": {"angle": 22.5, "axis": "y", "origin": [8, 8.76632, 8]},
			"faces": {
				"north": {"uv": [5.1, 5.1, 5.9, 5.9], "rotation": 270, "texture": "#1_1_0"},
				"south": {"uv": [5.1, 5.1, 5.9, 5.9], "rotation": 270, "texture": "#1_1_0"},
				"up": {"uv": [5.1, 5.1, 5.9, 5.9], "rotation": 270, "texture": "#1_1_0"},
				"down": {"uv": [5.1, 5.1, 5.9, 5.9], "rotation": 270, "texture": "#1_1_0"}
			}
		},
		{
			"from": [6.42785, 0.8636, 0.09728],
			"to": [9.57215, 1.6868, 1.4144],
			"rotation": {"angle": 45, "axis": "y", "origin": [8, 8.76632, 8]},
			"faces": {
				"north": {"uv": [5.1, 5.1, 5.9, 5.9], "rotation": 270, "texture": "#1_1_0"},
				"south": {"uv": [5.1, 5.1, 5.9, 5.9], "rotation": 270, "texture": "#1_1_0"},
				"up": {"uv": [5.1, 5.1, 5.9, 5.9], "rotation": 270, "texture": "#1_1_0"},
				"down": {"uv": [5.1, 5.1, 5.9, 5.9], "rotation": 270, "texture": "#1_1_0"}
			}
		},
		{
			"from": [6.42785, 0.8636, 0.09728],
			"to": [9.57215, 1.6868, 1.4144],
			"rotation": {"angle": -22.5, "axis": "y", "origin": [8, 8.76632, 8]},
			"faces": {
				"north": {"uv": [5.1, 5.1, 5.9, 5.9], "rotation": 270, "texture": "#1_1_0"},
				"south": {"uv": [5.1, 5.1, 5.9, 5.9], "rotation": 270, "texture": "#1_1_0"},
				"up": {"uv": [5.1, 5.1, 5.9, 5.9], "rotation": 90, "texture": "#1_1_0"},
				"down": {"uv": [5.1, 5.1, 5.9, 5.9], "rotation": 90, "texture": "#1_1_0"}
			}
		},
		{
			"from": [0.09728, 0.8636, 6.42785],
			"to": [1.4144, 1.6868, 9.57215],
			"faces": {
				"east": {"uv": [5.1, 5.1, 5.9, 5.9], "rotation": 270, "texture": "#1_1_0"},
				"west": {"uv": [5.1, 5.1, 5.9, 5.9], "rotation": 270, "texture": "#1_1_0"},
				"up": {"uv": [5.1, 5.1, 5.9, 5.9], "rotation": 180, "texture": "#1_1_0"},
				"down": {"uv": [5.1, 5.1, 5.9, 5.9], "texture": "#1_1_0"}
			}
		},
		{
			"from": [0.09728, 0.8636, 6.42785],
			"to": [1.4144, 1.6868, 9.57215],
			"rotation": {"angle": 22.5, "axis": "y", "origin": [8, 8.76632, 8]},
			"faces": {
				"east": {"uv": [5.1, 5.1, 5.9, 5.9], "rotation": 270, "texture": "#1_1_0"},
				"west": {"uv": [5.1, 5.1, 5.9, 5.9], "rotation": 270, "texture": "#1_1_0"},
				"up": {"uv": [5.1, 5.1, 5.9, 5.9], "rotation": 180, "texture": "#1_1_0"},
				"down": {"uv": [5.1, 5.1, 5.9, 5.9], "texture": "#1_1_0"}
			}
		},
		{
			"from": [0.09728, 0.8636, 6.42785],
			"to": [1.4144, 1.6868, 9.57215],
			"rotation": {"angle": 45, "axis": "y", "origin": [8, 8.76632, 8]},
			"faces": {
				"east": {"uv": [5.1, 5.1, 5.9, 5.9], "rotation": 270, "texture": "#1_1_0"},
				"west": {"uv": [5.1, 5.1, 5.9, 5.9], "rotation": 270, "texture": "#1_1_0"},
				"up": {"uv": [5.1, 5.1, 5.9, 5.9], "rotation": 180, "texture": "#1_1_0"},
				"down": {"uv": [5.1, 5.1, 5.9, 5.9], "texture": "#1_1_0"}
			}
		},
		{
			"from": [0.09728, 0.8636, 6.42785],
			"to": [1.4144, 1.6868, 9.57215],
			"rotation": {"angle": -22.5, "axis": "y", "origin": [8, 8.76632, 8]},
			"faces": {
				"east": {"uv": [5.1, 5.1, 5.9, 5.9], "rotation": 270, "texture": "#1_1_0"},
				"west": {"uv": [5.1, 5.1, 5.9, 5.9], "rotation": 270, "texture": "#1_1_0"},
				"up": {"uv": [5.1, 5.1, 5.9, 5.9], "texture": "#1_1_0"},
				"down": {"uv": [5.1, 5.1, 5.9, 5.9], "rotation": 180, "texture": "#1_1_0"}
			}
		},
		{
			"from": [6.42785, 0.8636, 14.5856],
			"to": [9.57215, 1.6868, 15.90272],
			"faces": {
				"north": {"uv": [5.1, 5.1, 5.9, 5.9], "rotation": 270, "texture": "#1_1_0"},
				"south": {"uv": [5.1, 5.1, 5.9, 5.9], "rotation": 270, "texture": "#1_1_0"},
				"up": {"uv": [5.1, 5.1, 5.9, 5.9], "rotation": 90, "texture": "#1_1_0"},
				"down": {"uv": [5.1, 5.1, 5.9, 5.9], "rotation": 90, "texture": "#1_1_0"}
			}
		},
		{
			"from": [6.42785, 0.8636, 14.5856],
			"to": [9.57215, 1.6868, 15.90272],
			"rotation": {"angle": 22.5, "axis": "y", "origin": [8, 8.76632, 8]},
			"faces": {
				"north": {"uv": [5.1, 5.1, 5.9, 5.9], "rotation": 270, "texture": "#1_1_0"},
				"south": {"uv": [5.1, 5.1, 5.9, 5.9], "rotation": 270, "texture": "#1_1_0"},
				"up": {"uv": [5.1, 5.1, 5.9, 5.9], "rotation": 90, "texture": "#1_1_0"},
				"down": {"uv": [5.1, 5.1, 5.9, 5.9], "rotation": 90, "texture": "#1_1_0"}
			}
		},
		{
			"from": [6.42785, 0.8636, 14.5856],
			"to": [9.57215, 1.6868, 15.90272],
			"rotation": {"angle": 45, "axis": "y", "origin": [8, 8.76632, 8]},
			"faces": {
				"north": {"uv": [5.1, 5.1, 5.9, 5.9], "rotation": 270, "texture": "#1_1_0"},
				"south": {"uv": [5.1, 5.1, 5.9, 5.9], "rotation": 270, "texture": "#1_1_0"},
				"up": {"uv": [5.1, 5.1, 5.9, 5.9], "rotation": 90, "texture": "#1_1_0"},
				"down": {"uv": [5.1, 5.1, 5.9, 5.9], "rotation": 90, "texture": "#1_1_0"}
			}
		},
		{
			"name": "hexadecagon",
			"from": [6.96651, 0.5, 10.72947],
			"to": [9.04257, 3.5, 13.24152],
			"rotation": {"angle": -45, "axis": "y", "origin": [7.99996, 3, 7.99997]},
			"faces": {
				"south": {"uv": [7.032, 13.032, 10.968, 13.968], "rotation": 180, "texture": "#1_0"},
				"west": {"uv": [3.97, 8.75, 4.47, 9.75], "rotation": 180, "texture": "#1_0"},
				"up": {"uv": [5.25, 9.25, 5.75, 9.75], "texture": "#1_0"}
			}
		},
		{
			"name": "hexadecagon",
			"from": [7.02107, 0.5, 8.4146],
			"to": [7.59181, 3.5, 8.98533],
			"rotation": {"angle": 0, "axis": "y", "origin": [6.79236, 3, 8.18796]},
			"faces": {
				"north": {"uv": [4.47, 8.75, 4.22, 9.75], "rotation": 180, "texture": "#1_0"},
				"east": {"uv": [4.47, 8.75, 4.22, 9.75], "rotation": 180, "texture": "#1_0"},
				"up": {"uv": [5.25, 9.25, 5.75, 9.75], "rotation": 90, "texture": "#1_0"}
			}
		},
		{
			"name": "hexadecagon",
			"from": [4.95431, 3.35, 9.44997],
			"to": [6.55431, 3.95, 11.04997],
			"rotation": {"angle": -45, "axis": "y", "origin": [5.74996, 2.95, 10.24997]},
			"faces": {
				"north": {"uv": [2.032, 0.032, 5.989, 0.968], "rotation": 180, "texture": "#2"},
				"east": {"uv": [5.032, 0.032, 5.968, 3.968], "rotation": 90, "texture": "#2"},
				"south": {"uv": [2.032, 3.032, 5.989, 3.968], "texture": "#2"},
				"west": {"uv": [2.032, 0.032, 2.968, 3.968], "rotation": 270, "texture": "#2"},
				"up": {"uv": [2.032, 0.032, 5.989, 3.968], "texture": "#2"}
			}
		},
		{
			"name": "hexadecagon",
			"from": [5.27431, 3.95, 9.68997],
			"to": [6.23431, 4.35, 10.64997],
			"rotation": {"angle": -22.5, "axis": "y", "origin": [5.74996, 2.75, 10.24997]},
			"faces": {
				"north": {"uv": [4.032, 1.032, 5.989, 1.968], "texture": "#2"},
				"east": {"uv": [4.032, 2.032, 5.989, 2.968], "texture": "#2"},
				"south": {"uv": [4.032, 1.032, 4.989, 2.968], "texture": "#2"},
				"west": {"uv": [4.032, 2.032, 5.989, 2.968], "texture": "#2"},
				"up": {"uv": [4.032, 1.032, 5.989, 2.968], "texture": "#2"}
			}
		},
		{
			"name": "hexadecagon",
			"from": [5.55431, 4.23, 9.88997],
			"to": [5.95431, 4.63, 10.28997],
			"rotation": {"angle": 0, "axis": "y", "origin": [5.74996, 2.75, 10.24997]},
			"faces": {
				"north": {"uv": [5.032, 2.032, 5.989, 2.968], "texture": "#2"},
				"east": {"uv": [5.032, 2.032, 5.989, 2.968], "texture": "#2"},
				"south": {"uv": [5.032, 2.032, 5.989, 2.968], "texture": "#2"},
				"west": {"uv": [5.032, 2.032, 5.989, 2.968], "texture": "#2"},
				"up": {"uv": [5.032, 2.032, 5.989, 2.968], "texture": "#2"}
			}
		},
		{
			"name": "hexadecagon",
			"from": [6.95735, 0.5, 9.06652],
			"to": [7.99996, 3.5, 13.24152],
			"rotation": {"angle": -22.5, "axis": "y", "origin": [7.99996, 3, 7.99997]},
			"faces": {
				"east": {"uv": [4.47, 8.75, 3.97, 9.75], "rotation": 180, "texture": "#1_0"},
				"south": {"uv": [7.032, 13.032, 9, 13.968], "texture": "#1_0"},
				"up": {"uv": [5.25, 9.25, 5.75, 9.75], "texture": "#1_0"}
			}
		},
		{
			"name": "hexadecagon",
			"from": [3.16388, 0.5, 7.92708],
			"to": [7.33888, 3.5, 8.96969],
			"rotation": {"angle": 22.5, "axis": "y", "origin": [8.40543, 3, 8.96969]},
			"faces": {
				"north": {"uv": [3.97, 8.75, 4.47, 9.75], "rotation": 180, "texture": "#1_0"},
				"west": {"uv": [7.032, 13.032, 9, 13.968], "rotation": 180, "texture": "#1_0"},
				"up": {"uv": [5.25, 9.25, 5.75, 9.75], "rotation": 90, "texture": "#1_0"}
			}
		},
		{
			"from": [1.66132, 3.60504, 6.73903],
			"to": [2.56684, 4.15186, 9.26091],
			"rotation": {"angle": 45, "axis": "y", "origin": [7.99996, 8.1992, 7.99997]},
			"faces": {
				"north": {"uv": [7.032, 13.032, 7.968, 13.968], "rotation": 180, "texture": "#1_0"},
				"east": {"uv": [7.032, 13.032, 10.968, 13.968], "rotation": 180, "texture": "#1_0"},
				"south": {"uv": [7.032, 13.032, 7.968, 13.968], "rotation": 180, "texture": "#1_0"},
				"west": {"uv": [7.032, 13.032, 10.968, 13.968], "rotation": 180, "texture": "#1_0"},
				"up": {"uv": [7.032, 13.032, 10.968, 13.968], "rotation": 90, "texture": "#1_0"},
				"down": {"uv": [7.032, 13.032, 10.968, 13.968], "rotation": 90, "texture": "#1_0"}
			}
		},
		{
			"from": [6.73902, 3.605, 13.18309],
			"to": [7.99996, 4.1518, 14.08861],
			"rotation": {"angle": -22.5, "axis": "y", "origin": [7.99996, 8.1992, 7.99997]},
			"faces": {
				"north": {"uv": [7.032, 13.032, 10.968, 13.968], "rotation": 180, "texture": "#1_0"},
				"east": {"uv": [8.032, 13.032, 8.968, 13.968], "rotation": 180, "texture": "#1_0"},
				"south": {"uv": [7.032, 13.032, 9, 13.968], "texture": "#1_0"},
				"west": {"uv": [7.032, 13.032, 7.968, 13.968], "rotation": 180, "texture": "#1_0"},
				"up": {"uv": [7.032, 13.032, 9, 13.968], "texture": "#1_0"},
				"down": {"uv": [7.032, 13.032, 10.968, 13.968], "rotation": 180, "texture": "#1_0"}
			}
		},
		{
			"from": [1.91132, 3.605, 7.99993],
			"to": [2.81684, 4.1518, 9.26087],
			"rotation": {"angle": 22.5, "axis": "y", "origin": [7.99996, 8.1992, 7.99997]},
			"faces": {
				"north": {"uv": [8.032, 13.032, 8.968, 13.968], "rotation": 180, "texture": "#1_0"},
				"east": {"uv": [7.032, 13.032, 10.968, 13.968], "rotation": 180, "texture": "#1_0"},
				"south": {"uv": [7.032, 13.032, 7.968, 13.968], "rotation": 180, "texture": "#1_0"},
				"west": {"uv": [7.032, 13.032, 9, 13.968], "rotation": 180, "texture": "#1_0"},
				"up": {"uv": [7.032, 13.032, 9, 13.968], "rotation": 270, "texture": "#1_0"},
				"down": {"uv": [7.032, 13.032, 10.968, 13.968], "rotation": 90, "texture": "#1_0"}
			}
		}
	],
	"groups": [
		{
			"name": "cake_uneaten",
			"origin": [8, 8, 8],
			"children": [
				{
					"name": "group",
					"origin": [8, 7.4492, 8],
					"children": [0, 1, 2]
				},
				{
					"name": "group",
					"origin": [8, 8.76632, 8],
					"children": [3, 4, 5, 6, 7, 8, 9, 10, 11, 12, 13, 14, 15, 16, 17, 18, 19, 20, 21, 22, 23, 24, 25, 26]
				},
				{
					"name": "hexadecagon",
					"origin": [8, 8, 8],
					"children": [27, 28, 29, 30, 31, 32, 33]
				},
				{
					"name": "group",
					"origin": [8, 7.4492, 8],
					"children": [34, 35, 36]
				}
			]
		}
	]
}