{
	"credit": "Made with Blockbench by dragonmaster95",
	"ambientocclusion": false,
	"textures": {
		"0": "item/pumpkin_pie",
		"particle": "block/quartz_pillar_top",
		"1_0": "block/quartz_pillar_top"
	},
	"elements": [
		{
			"from": [6.85369, 2.3636, 12.9392],
			"to": [7.99969, 3.7948, 13.7624],
			"rotation": {"angle": -22.5, "axis": "y", "origin": [8, 7.4492, 8]},
			"faces": {
				"north": {"uv": [7.032, 13.032, 9, 13.968], "rotation": 180, "texture": "#0"},
				"east": {"uv": [8.032, 13.032, 8.968, 13.968], "rotation": 180, "texture": "#0"},
				"south": {"uv": [7.032, 13.032, 9, 13.968], "texture": "#0"},
				"up": {"uv": [7.032, 13.032, 9, 13.968], "texture": "#0"},
				"down": {"uv": [7.032, 13.032, 10.968, 13.968], "rotation": 180, "texture": "#0"}
			}
		},
		{
			"from": [2.2376, 2.3636, 6.85369],
			"to": [3.0608, 3.7948, 9.14631],
			"rotation": {"angle": 45, "axis": "y", "origin": [8, 7.4492, 8]},
			"faces": {
				"east": {"uv": [7.032, 13.032, 10.968, 13.968], "rotation": 180, "texture": "#0"},
				"west": {"uv": [7.032, 13.032, 10.968, 13.968], "rotation": 180, "texture": "#0"},
				"up": {"uv": [7.032, 13.032, 10.968, 13.968], "rotation": 90, "texture": "#0"},
				"down": {"uv": [7.032, 13.032, 10.968, 13.968], "rotation": 90, "texture": "#0"}
			}
		},
		{
			"from": [2.2376, 2.3636, 6.85369],
			"to": [3.0608, 3.7948, 9.14631],
			"rotation": {"angle": 22.5, "axis": "y", "origin": [8, 7.4492, 8]},
			"faces": {
				"east": {"uv": [7.032, 13.032, 10.968, 13.968], "rotation": 180, "texture": "#0"},
				"west": {"uv": [7.032, 13.032, 10.968, 13.968], "rotation": 180, "texture": "#0"},
				"up": {"uv": [7.032, 13.032, 10.968, 13.968], "rotation": 90, "texture": "#0"},
				"down": {"uv": [7.032, 13.032, 10.968, 13.968], "rotation": 90, "texture": "#0"}
			}
		},
		{
			"from": [2.2376, 2.3636, 6.85369],
			"to": [3.0608, 3.7948, 9.14631],
			"rotation": {"angle": 0, "axis": "y", "origin": [8, 7.4492, 8]},
			"faces": {
				"east": {"uv": [7.032, 13.032, 10.968, 13.968], "rotation": 180, "texture": "#0"},
				"west": {"uv": [7.032, 13.032, 10.968, 13.968], "rotation": 180, "texture": "#0"},
				"up": {"uv": [7.032, 13.032, 10.968, 13.968], "rotation": 90, "texture": "#0"},
				"down": {"uv": [7.032, 13.032, 10.968, 13.968], "rotation": 90, "texture": "#0"}
			}
		},
		{
			"from": [2.2376, 2.3636, 6.85369],
			"to": [3.0608, 3.7948, 9.14631],
			"rotation": {"angle": -22.5, "axis": "y", "origin": [8, 7.4492, 8]},
			"faces": {
				"east": {"uv": [7.032, 13.032, 10.968, 13.968], "rotation": 180, "texture": "#0"},
				"west": {"uv": [7.032, 13.032, 10.968, 13.968], "rotation": 180, "texture": "#0"},
				"up": {"uv": [7.032, 13.032, 10.968, 13.968], "rotation": 90, "texture": "#0"},
				"down": {"uv": [7.032, 13.032, 10.968, 13.968], "rotation": 90, "texture": "#0"}
			}
		},
		{
			"from": [6.85369, 2.3636, 2.2376],
			"to": [9.14631, 3.7948, 3.0608],
			"rotation": {"angle": 45, "axis": "y", "origin": [8, 7.4492, 8]},
			"faces": {
				"north": {"uv": [7.032, 13.032, 10.968, 13.968], "rotation": 180, "texture": "#0"},
				"south": {"uv": [7.032, 13.032, 10.968, 13.968], "rotation": 180, "texture": "#0"},
				"up": {"uv": [7.032, 13.032, 10.968, 13.968], "rotation": 180, "texture": "#0"},
				"down": {"uv": [7.032, 13.032, 10.968, 13.968], "rotation": 180, "texture": "#0"}
			}
		},
		{
			"from": [6.85369, 2.3636, 2.2376],
			"to": [8, 3.7948, 3.0608],
			"rotation": {"angle": 22.5, "axis": "y", "origin": [8, 7.4492, 8]},
			"faces": {
				"north": {"uv": [7.032, 13.032, 9, 13.968], "rotation": 180, "texture": "#0"},
				"east": {"uv": [8.032, 13.032, 8.968, 13.968], "rotation": 180, "texture": "#0"},
				"south": {"uv": [7.032, 13.032, 9, 13.968], "texture": "#0"},
				"up": {"uv": [7.032, 13.032, 9, 13.968], "texture": "#0"},
				"down": {"uv": [7.032, 13.032, 10.968, 13.968], "rotation": 180, "texture": "#0"}
			}
		},
		{
			"from": [6.42785, 0.8636, 14.5856],
			"to": [9.57215, 1.6868, 15.90272],
			"rotation": {"angle": -22.5, "axis": "y", "origin": [8, 8.76632, 8]},
			"faces": {
				"north": {"uv": [5.1, 5.1, 5.9, 5.9], "rotation": 270, "texture": "#1_0"},
				"south": {"uv": [5.1, 5.1, 5.9, 5.9], "rotation": 270, "texture": "#1_0"},
				"up": {"uv": [5.1, 5.1, 5.9, 5.9], "rotation": 270, "texture": "#1_0"},
				"down": {"uv": [5.1, 5.1, 5.9, 5.9], "rotation": 270, "texture": "#1_0"}
			}
		},
		{
			"from": [6.68988, 0.04, 1.4144],
			"to": [9.31012, 0.8632, 14.5856],
			"faces": {
				"north": {"uv": [5.1, 5.1, 5.9, 5.9], "rotation": 270, "texture": "#1_0"},
				"south": {"uv": [5.1, 5.1, 5.9, 5.9], "rotation": 270, "texture": "#1_0"},
				"up": {"uv": [7.032, 6.875, 7.968, 9.125], "rotation": 180, "texture": "#1_0"}
			}
		},
		{
			"from": [6.68988, 0.0404, 1.4144],
			"to": [9.31012, 0.8636, 14.5856],
			"rotation": {"angle": 22.5, "axis": "y", "origin": [8, 6.626, 8]},
			"faces": {
				"north": {"uv": [5.1, 5.1, 5.9, 5.9], "rotation": 270, "texture": "#1_0"},
				"south": {"uv": [5.1, 5.1, 5.9, 5.9], "rotation": 270, "texture": "#1_0"},
				"up": {"uv": [7.032, 6.875, 7.968, 9.125], "rotation": 180, "texture": "#1_0"}
			}
		},
		{
			"from": [6.68988, 0.04, 1.4144],
			"to": [9.31012, 0.8632, 14.5856],
			"rotation": {"angle": 45, "axis": "y", "origin": [8, 6.626, 8]},
			"faces": {
				"north": {"uv": [5.1, 5.1, 5.9, 5.9], "rotation": 270, "texture": "#1_0"},
				"south": {"uv": [5.1, 5.1, 5.9, 5.9], "rotation": 270, "texture": "#1_0"},
				"up": {"uv": [7.032, 6.875, 7.968, 9.125], "rotation": 180, "texture": "#1_0"}
			}
		},
		{
			"from": [1.4144, 0.0404, 6.68988],
			"to": [14.5856, 0.8636, 9.31012],
			"rotation": {"angle": -22.5, "axis": "y", "origin": [8, 6.626, 8]},
			"faces": {
				"east": {"uv": [5.1, 5.1, 5.9, 5.9], "rotation": 270, "texture": "#1_0"},
				"west": {"uv": [5.1, 5.1, 5.9, 5.9], "rotation": 270, "texture": "#1_0"},
				"up": {"uv": [7.032, 6.875, 7.968, 9.125], "rotation": 90, "texture": "#1_0"}
			}
		},
		{
			"from": [1.4144, 0.04, 6.68988],
			"to": [14.5856, 0.8632, 9.31012],
			"rotation": {"angle": 0, "axis": "y", "origin": [8, 6.626, 8]},
			"faces": {
				"east": {"uv": [5.1, 5.1, 5.9, 5.9], "rotation": 270, "texture": "#1_0"},
				"west": {"uv": [5.1, 5.1, 5.9, 5.9], "rotation": 270, "texture": "#1_0"},
				"up": {"uv": [7.032, 6.875, 7.968, 9.125], "rotation": 90, "texture": "#1_0"}
			}
		},
		{
			"from": [1.4144, 0.0404, 6.68988],
			"to": [14.5856, 0.8636, 9.31012],
			"rotation": {"angle": 22.5, "axis": "y", "origin": [8, 6.626, 8]},
			"faces": {
				"east": {"uv": [5.1, 5.1, 5.9, 5.9], "rotation": 270, "texture": "#1_0"},
				"west": {"uv": [5.1, 5.1, 5.9, 5.9], "rotation": 270, "texture": "#1_0"},
				"up": {"uv": [7.032, 6.875, 7.968, 9.125], "rotation": 90, "texture": "#1_0"}
			}
		},
		{
			"from": [1.4144, 0.04, 6.68988],
			"to": [14.5856, 0.8632, 9.31012],
			"rotation": {"angle": 45, "axis": "y", "origin": [8, 6.626, 8]},
			"faces": {
				"east": {"uv": [5.1, 5.1, 5.9, 5.9], "rotation": 270, "texture": "#1_0"},
				"west": {"uv": [5.1, 5.1, 5.9, 5.9], "rotation": 270, "texture": "#1_0"},
				"up": {"uv": [7.032, 6.875, 7.968, 9.125], "rotation": 90, "texture": "#1_0"}
			}
		},
		{
			"from": [6.68988, 0.0404, 1.4144],
			"to": [9.31012, 0.8636, 14.5856],
			"rotation": {"angle": -22.5, "axis": "y", "origin": [8, 6.626, 8]},
			"faces": {
				"north": {"uv": [5.1, 5.1, 5.9, 5.9], "rotation": 270, "texture": "#1_0"},
				"south": {"uv": [5.1, 5.1, 5.9, 5.9], "rotation": 270, "texture": "#1_0"},
				"up": {"uv": [7.032, 6.875, 7.968, 9.125], "rotation": 180, "texture": "#1_0"}
			}
		},
		{
			"from": [14.5856, 0.8636, 6.42785],
			"to": [15.90272, 1.6868, 9.57215],
			"faces": {
				"east": {"uv": [5.1, 5.1, 5.9, 5.9], "rotation": 270, "texture": "#1_0"},
				"west": {"uv": [5.1, 5.1, 5.9, 5.9], "rotation": 270, "texture": "#1_0"},
				"up": {"uv": [5.1, 5.1, 5.9, 5.9], "texture": "#1_0"},
				"down": {"uv": [5.1, 5.1, 5.9, 5.9], "rotation": 180, "texture": "#1_0"}
			}
		},
		{
			"from": [14.5856, 0.8636, 6.42785],
			"to": [15.90272, 1.6868, 9.57215],
			"rotation": {"angle": 22.5, "axis": "y", "origin": [8, 8.76632, 8]},
			"faces": {
				"east": {"uv": [5.1, 5.1, 5.9, 5.9], "rotation": 270, "texture": "#1_0"},
				"west": {"uv": [5.1, 5.1, 5.9, 5.9], "rotation": 270, "texture": "#1_0"},
				"up": {"uv": [5.1, 5.1, 5.9, 5.9], "texture": "#1_0"},
				"down": {"uv": [5.1, 5.1, 5.9, 5.9], "rotation": 180, "texture": "#1_0"}
			}
		},
		{
			"from": [14.5856, 0.8636, 6.42785],
			"to": [15.90272, 1.6868, 9.57215],
			"rotation": {"angle": 45, "axis": "y", "origin": [8, 8.76632, 8]},
			"faces": {
				"east": {"uv": [5.1, 5.1, 5.9, 5.9], "rotation": 270, "texture": "#1_0"},
				"west": {"uv": [5.1, 5.1, 5.9, 5.9], "rotation": 270, "texture": "#1_0"},
				"up": {"uv": [5.1, 5.1, 5.9, 5.9], "texture": "#1_0"},
				"down": {"uv": [5.1, 5.1, 5.9, 5.9], "rotation": 180, "texture": "#1_0"}
			}
		},
		{
			"from": [14.5856, 0.8636, 6.42785],
			"to": [15.90272, 1.6868, 9.57215],
			"rotation": {"angle": -22.5, "axis": "y", "origin": [8, 8.76632, 8]},
			"faces": {
				"east": {"uv": [5.1, 5.1, 5.9, 5.9], "rotation": 270, "texture": "#1_0"},
				"west": {"uv": [5.1, 5.1, 5.9, 5.9], "rotation": 270, "texture": "#1_0"},
				"up": {"uv": [5.1, 5.1, 5.9, 5.9], "rotation": 180, "texture": "#1_0"},
				"down": {"uv": [5.1, 5.1, 5.9, 5.9], "texture": "#1_0"}
			}
		},
		{
			"from": [6.42785, 0.8636, 0.09728],
			"to": [9.57215, 1.6868, 1.4144],
			"faces": {
				"north": {"uv": [5.1, 5.1, 5.9, 5.9], "rotation": 270, "texture": "#1_0"},
				"south": {"uv": [5.1, 5.1, 5.9, 5.9], "rotation": 270, "texture": "#1_0"},
				"up": {"uv": [5.1, 5.1, 5.9, 5.9], "rotation": 270, "texture": "#1_0"},
				"down": {"uv": [5.1, 5.1, 5.9, 5.9], "rotation": 270, "texture": "#1_0"}
			}
		},
		{
			"from": [6.42785, 0.8636, 0.09728],
			"to": [9.57215, 1.6868, 1.4144],
			"rotation": {"angle": 22.5, "axis": "y", "origin": [8, 8.76632, 8]},
			"faces": {
				"north": {"uv": [5.1, 5.1, 5.9, 5.9], "rotation": 270, "texture": "#1_0"},
				"south": {"uv": [5.1, 5.1, 5.9, 5.9], "rotation": 270, "texture": "#1_0"},
				"up": {"uv": [5.1, 5.1, 5.9, 5.9], "rotation": 270, "texture": "#1_0"},
				"down": {"uv": [5.1, 5.1, 5.9, 5.9], "rotation": 270, "texture": "#1_0"}
			}
		},
		{
			"from": [6.42785, 0.8636, 0.09728],
			"to": [9.57215, 1.6868, 1.4144],
			"rotation": {"angle": 45, "axis": "y", "origin": [8, 8.76632, 8]},
			"faces": {
				"north": {"uv": [5.1, 5.1, 5.9, 5.9], "rotation": 270, "texture": "#1_0"},
				"south": {"uv": [5.1, 5.1, 5.9, 5.9], "rotation": 270, "texture": "#1_0"},
				"up": {"uv": [5.1, 5.1, 5.9, 5.9], "rotation": 270, "texture": "#1_0"},
				"down": {"uv": [5.1, 5.1, 5.9, 5.9], "rotation": 270, "texture": "#1_0"}
			}
		},
		{
			"from": [6.42785, 0.8636, 0.09728],
			"to": [9.57215, 1.6868, 1.4144],
			"rotation": {"angle": -22.5, "axis": "y", "origin": [8, 8.76632, 8]},
			"faces": {
				"north": {"uv": [5.1, 5.1, 5.9, 5.9], "rotation": 270, "texture": "#1_0"},
				"south": {"uv": [5.1, 5.1, 5.9, 5.9], "rotation": 270, "texture": "#1_0"},
				"up": {"uv": [5.1, 5.1, 5.9, 5.9], "rotation": 90, "texture": "#1_0"},
				"down": {"uv": [5.1, 5.1, 5.9, 5.9], "rotation": 90, "texture": "#1_0"}
			}
		},
		{
			"from": [0.09728, 0.8636, 6.42785],
			"to": [1.4144, 1.6868, 9.57215],
			"faces": {
				"east": {"uv": [5.1, 5.1, 5.9, 5.9], "rotation": 270, "texture": "#1_0"},
				"west": {"uv": [5.1, 5.1, 5.9, 5.9], "rotation": 270, "texture": "#1_0"},
				"up": {"uv": [5.1, 5.1, 5.9, 5.9], "rotation": 180, "texture": "#1_0"},
				"down": {"uv": [5.1, 5.1, 5.9, 5.9], "texture": "#1_0"}
			}
		},
		{
			"from": [0.09728, 0.8636, 6.42785],
			"to": [1.4144, 1.6868, 9.57215],
			"rotation": {"angle": 22.5, "axis": "y", "origin": [8, 8.76632, 8]},
			"faces": {
				"east": {"uv": [5.1, 5.1, 5.9, 5.9], "rotation": 270, "texture": "#1_0"},
				"west": {"uv": [5.1, 5.1, 5.9, 5.9], "rotation": 270, "texture": "#1_0"},
				"up": {"uv": [5.1, 5.1, 5.9, 5.9], "rotation": 180, "texture": "#1_0"},
				"down": {"uv": [5.1, 5.1, 5.9, 5.9], "texture": "#1_0"}
			}
		},
		{
			"from": [0.09728, 0.8636, 6.42785],
			"to": [1.4144, 1.6868, 9.57215],
			"rotation": {"angle": 45, "axis": "y", "origin": [8, 8.76632, 8]},
			"faces": {
				"east": {"uv": [5.1, 5.1, 5.9, 5.9], "rotation": 270, "texture": "#1_0"},
				"west": {"uv": [5.1, 5.1, 5.9, 5.9], "rotation": 270, "texture": "#1_0"},
				"up": {"uv": [5.1, 5.1, 5.9, 5.9], "rotation": 180, "texture": "#1_0"},
				"down": {"uv": [5.1, 5.1, 5.9, 5.9], "texture": "#1_0"}
			}
		},
		{
			"from": [0.09728, 0.8636, 6.42785],
			"to": [1.4144, 1.6868, 9.57215],
			"rotation": {"angle": -22.5, "axis": "y", "origin": [8, 8.76632, 8]},
			"faces": {
				"east": {"uv": [5.1, 5.1, 5.9, 5.9], "rotation": 270, "texture": "#1_0"},
				"west": {"uv": [5.1, 5.1, 5.9, 5.9], "rotation": 270, "texture": "#1_0"},
				"up": {"uv": [5.1, 5.1, 5.9, 5.9], "texture": "#1_0"},
				"down": {"uv": [5.1, 5.1, 5.9, 5.9], "rotation": 180, "texture": "#1_0"}
			}
		},
		{
			"from": [6.42785, 0.8636, 14.5856],
			"to": [9.57215, 1.6868, 15.90272],
			"faces": {
				"north": {"uv": [5.1, 5.1, 5.9, 5.9], "rotation": 270, "texture": "#1_0"},
				"south": {"uv": [5.1, 5.1, 5.9, 5.9], "rotation": 270, "texture": "#1_0"},
				"up": {"uv": [5.1, 5.1, 5.9, 5.9], "rotation": 90, "texture": "#1_0"},
				"down": {"uv": [5.1, 5.1, 5.9, 5.9], "rotation": 90, "texture": "#1_0"}
			}
		},
		{
			"from": [6.42785, 0.8636, 14.5856],
			"to": [9.57215, 1.6868, 15.90272],
			"rotation": {"angle": 22.5, "axis": "y", "origin": [8, 8.76632, 8]},
			"faces": {
				"north": {"uv": [5.1, 5.1, 5.9, 5.9], "rotation": 270, "texture": "#1_0"},
				"south": {"uv": [5.1, 5.1, 5.9, 5.9], "rotation": 270, "texture": "#1_0"},
				"up": {"uv": [5.1, 5.1, 5.9, 5.9], "rotation": 90, "texture": "#1_0"},
				"down": {"uv": [5.1, 5.1, 5.9, 5.9], "rotation": 90, "texture": "#1_0"}
			}
		},
		{
			"from": [6.42785, 0.8636, 14.5856],
			"to": [9.57215, 1.6868, 15.90272],
			"rotation": {"angle": 45, "axis": "y", "origin": [8, 8.76632, 8]},
			"faces": {
				"north": {"uv": [5.1, 5.1, 5.9, 5.9], "rotation": 270, "texture": "#1_0"},
				"south": {"uv": [5.1, 5.1, 5.9, 5.9], "rotation": 270, "texture": "#1_0"},
				"up": {"uv": [5.1, 5.1, 5.9, 5.9], "rotation": 90, "texture": "#1_0"},
				"down": {"uv": [5.1, 5.1, 5.9, 5.9], "rotation": 90, "texture": "#1_0"}
			}
		},
		{
			"name": "hexadecagon",
			"from": [7.00544, 0.5, 10.5],
			"to": [8.99456, 3.5, 13],
			"rotation": {"angle": -45, "axis": "y", "origin": [8, 3, 8]},
			"faces": {
				"south": {"uv": [7.032, 13.032, 10.968, 13.968], "rotation": 180, "texture": "#0"},
				"up": {"uv": [5.25, 9.25, 5.75, 9.75], "texture": "#0"}
			}
		},
		{
			"name": "hexadecagon",
			"from": [7.00544, 0.5, 8],
			"to": [8, 3.5, 13],
			"rotation": {"angle": -22.5, "axis": "y", "origin": [8, 3, 8]},
			"faces": {
				"east": {"uv": [4.47, 8.75, 3.97, 9.75], "rotation": 180, "texture": "#0"},
				"south": {"uv": [7.032, 13.032, 9, 13.968], "texture": "#0"},
				"up": {"uv": [5.25, 9.25, 5.75, 9.75], "texture": "#0"}
			}
		},
		{
			"name": "hexadecagon",
			"from": [7.00544, 0.5, 3],
			"to": [8, 3.5, 8],
			"rotation": {"angle": 22.5, "axis": "y", "origin": [8, 3, 8]},
			"faces": {
				"north": {"uv": [7.032, 13.032, 9, 13.968], "rotation": 180, "texture": "#0"},
				"east": {"uv": [3.97, 8.75, 4.47, 9.75], "rotation": 180, "texture": "#0"},
				"up": {"uv": [5.25, 9.25, 5.75, 9.75], "texture": "#0"}
			}
		},
		{
			"name": "hexadecagon",
			"from": [7.00544, 0.5, 3],
			"to": [8.99456, 3.5, 5.5],
			"rotation": {"angle": 45, "axis": "y", "origin": [8, 3, 8]},
			"faces": {
				"north": {"uv": [7.032, 13.032, 10.968, 13.968], "rotation": 180, "texture": "#0"},
				"up": {"uv": [5.25, 9.25, 5.75, 9.75], "texture": "#0"}
			}
		},
		{
			"name": "hexadecagon",
			"from": [3, 0.5, 7.00544],
			"to": [6.25, 3.5, 8.99456],
			"rotation": {"angle": -22.5, "axis": "y", "origin": [8, 3, 8]},
			"faces": {
				"west": {"uv": [7.032, 13.032, 10.968, 13.968], "rotation": 180, "texture": "#0"},
				"up": {"uv": [5.25, 9.25, 5.75, 9.75], "texture": "#0"}
			}
		},
		{
			"name": "hexadecagon",
			"from": [3, 0.5, 7.00544],
			"to": [7, 3.5, 8.99456],
			"rotation": {"angle": 0, "axis": "y", "origin": [8, 3, 8]},
			"faces": {
				"west": {"uv": [7.032, 13.032, 10.968, 13.968], "rotation": 180, "texture": "#0"},
				"up": {"uv": [5.25, 9.25, 5.75, 9.75], "texture": "#0"}
			}
		},
		{
			"name": "hexadecagon",
			"from": [3, 0.5, 7.00544],
			"to": [7, 3.5, 8.99456],
			"rotation": {"angle": 22.5, "axis": "y", "origin": [8, 3, 8]},
			"faces": {
				"west": {"uv": [7.032, 13.032, 10.968, 13.968], "rotation": 180, "texture": "#0"},
				"up": {"uv": [5.25, 9.25, 5.75, 9.75], "texture": "#0"}
			}
		},
		{
			"from": [1.66136, 3.60504, 6.73906],
			"to": [2.56688, 4.15186, 9.26094],
			"rotation": {"angle": 0, "axis": "y", "origin": [8, 8.1992, 8]},
			"faces": {
				"north": {"uv": [7.032, 13.032, 7.968, 13.968], "rotation": 180, "texture": "#0"},
				"east": {"uv": [7.032, 13.032, 10.968, 13.968], "rotation": 180, "texture": "#0"},
				"south": {"uv": [7.032, 13.032, 7.968, 13.968], "rotation": 180, "texture": "#0"},
				"west": {"uv": [7.032, 13.032, 10.968, 13.968], "rotation": 180, "texture": "#0"},
				"up": {"uv": [7.032, 13.032, 10.968, 13.968], "rotation": 90, "texture": "#0"},
				"down": {"uv": [7.032, 13.032, 10.968, 13.968], "rotation": 90, "texture": "#0"}
			}
		},
		{
			"from": [1.66136, 3.60504, 6.73906],
			"to": [2.56688, 4.15186, 9.26094],
			"rotation": {"angle": 45, "axis": "y", "origin": [8, 8.1992, 8]},
			"faces": {
				"north": {"uv": [7.032, 13.032, 7.968, 13.968], "rotation": 180, "texture": "#0"},
				"east": {"uv": [7.032, 13.032, 10.968, 13.968], "rotation": 180, "texture": "#0"},
				"south": {"uv": [7.032, 13.032, 7.968, 13.968], "rotation": 180, "texture": "#0"},
				"west": {"uv": [7.032, 13.032, 10.968, 13.968], "rotation": 180, "texture": "#0"},
				"up": {"uv": [7.032, 13.032, 10.968, 13.968], "rotation": 90, "texture": "#0"},
				"down": {"uv": [7.032, 13.032, 10.968, 13.968], "rotation": 90, "texture": "#0"}
			}
		},
		{
			"from": [6.73906, 3.60504, 1.66136],
			"to": [9.26094, 4.15186, 2.56688],
			"rotation": {"angle": 45, "axis": "y", "origin": [8, 8.1992, 8]},
			"faces": {
				"north": {"uv": [7.032, 13.032, 10.968, 13.968], "rotation": 180, "texture": "#0"},
				"east": {"uv": [7.032, 13.032, 7.968, 13.968], "rotation": 180, "texture": "#0"},
				"south": {"uv": [7.032, 13.032, 10.968, 13.968], "rotation": 180, "texture": "#0"},
				"west": {"uv": [7.032, 13.032, 7.968, 13.968], "rotation": 180, "texture": "#0"},
				"up": {"uv": [7.032, 13.032, 10.968, 13.968], "rotation": 180, "texture": "#0"},
				"down": {"uv": [7.032, 13.032, 10.968, 13.968], "rotation": 180, "texture": "#0"}
			}
		},
		{
			"from": [1.91136, 3.605, 6.73906],
			"to": [2.81688, 4.1518, 9.26094],
			"rotation": {"angle": 22.5, "axis": "y", "origin": [8, 8.1992, 8]},
			"faces": {
				"north": {"uv": [7.032, 13.032, 7.968, 13.968], "rotation": 180, "texture": "#0"},
				"east": {"uv": [7.032, 13.032, 10.968, 13.968], "rotation": 180, "texture": "#0"},
				"south": {"uv": [7.032, 13.032, 7.968, 13.968], "rotation": 180, "texture": "#0"},
				"west": {"uv": [7.032, 13.032, 10.968, 13.968], "rotation": 180, "texture": "#0"},
				"up": {"uv": [7.032, 13.032, 10.968, 13.968], "rotation": 90, "texture": "#0"},
				"down": {"uv": [7.032, 13.032, 10.968, 13.968], "rotation": 90, "texture": "#0"}
			}
		},
		{
			"from": [6.73906, 3.605, 13.18312],
			"to": [8, 4.1518, 14.08864],
			"rotation": {"angle": -22.5, "axis": "y", "origin": [8, 8.1992, 8]},
			"faces": {
				"north": {"uv": [7.032, 13.032, 9, 13.968], "rotation": 180, "texture": "#0"},
				"east": {"uv": [8.032, 13.032, 8.968, 13.968], "rotation": 180, "texture": "#0"},
				"south": {"uv": [7.032, 13.032, 9, 13.968], "texture": "#0"},
				"west": {"uv": [7.032, 13.032, 7.968, 13.968], "rotation": 180, "texture": "#0"},
				"up": {"uv": [7.032, 13.032, 9, 13.968], "texture": "#0"},
				"down": {"uv": [7.032, 13.032, 10.968, 13.968], "rotation": 180, "texture": "#0"}
			}
		},
		{
			"from": [6.73906, 3.605, 1.91136],
			"to": [8, 4.1518, 2.81688],
			"rotation": {"angle": 22.5, "axis": "y", "origin": [8, 8.1992, 8]},
			"faces": {
				"north": {"uv": [7.032, 13.032, 9, 13.968], "rotation": 180, "texture": "#0"},
				"east": {"uv": [8.032, 13.032, 8.968, 13.968], "rotation": 180, "texture": "#0"},
				"south": {"uv": [7.032, 13.032, 10.968, 13.968], "rotation": 180, "texture": "#0"},
				"west": {"uv": [7.032, 13.032, 7.968, 13.968], "rotation": 180, "texture": "#0"},
				"up": {"uv": [7.032, 13.032, 9, 13.968], "texture": "#0"},
				"down": {"uv": [7.032, 13.032, 10.968, 13.968], "rotation": 180, "texture": "#0"}
			}
		},
		{
			"from": [1.91136, 3.605, 6.73906],
			"to": [2.81688, 4.1518, 9.26094],
			"rotation": {"angle": -22.5, "axis": "y", "origin": [8, 8.1992, 8]},
			"faces": {
				"north": {"uv": [7.032, 13.032, 7.968, 13.968], "rotation": 180, "texture": "#0"},
				"east": {"uv": [7.032, 13.032, 10.968, 13.968], "rotation": 180, "texture": "#0"},
				"south": {"uv": [7.032, 12.032, 7.968, 13.968], "rotation": 180, "texture": "#0"},
				"west": {"uv": [7.032, 13.032, 10.968, 13.968], "rotation": 180, "texture": "#0"},
				"up": {"uv": [7.032, 13.032, 10.968, 13.968], "rotation": 90, "texture": "#0"},
				"down": {"uv": [7.032, 13.032, 10.968, 13.968], "rotation": 90, "texture": "#0"}
			}
		}
	],
	"groups": [
		{
			"name": "group",
			"origin": [8, 7.4492, 8],
			"children": [0, 1, 2, 3, 4, 5, 6]
		},
		{
			"name": "group",
			"origin": [8, 8.76632, 8],
			"children": [7, 8, 9, 10, 11, 12, 13, 14, 15, 16, 17, 18, 19, 20, 21, 22, 23, 24, 25, 26, 27, 28, 29, 30]
		},
		{
			"name": "hexadecagon",
			"origin": [8, 8, 8],
			"children": [31, 32, 33, 34, 35, 36, 37]
		},
		{
			"name": "group",
			"origin": [8, 7.4492, 8],
			"children": [38, 39, 40, 41, 42, 43, 44]
		}
	]
}