{
    "parent": "block/cube_all",
    "textures": {
	    "particle": "block/purpur_block",
        "0": "block/purpur_block"
    },
	"elements": [
        {
            "name": "Block",
            "from": [ 0.0, -1.0, 0.0 ], 
            "to": [ 16.0, 7.0, 16.0 ], 
            "faces": {
                "north": { "texture": "#0", "uv": [ 0.0, 9.0, 16.0, 16.0 ] },
                "east": { "texture": "#0", "uv": [ 0.0, 9.0, 16.0, 16.0 ] },
                "south": { "texture": "#0", "uv": [ 0.0, 9.0, 16.0, 16.0 ] },
                "west": { "texture": "#0", "uv": [ 0.0, 9.0, 16.0, 16.0 ] },
                "up": { "texture": "#0", "uv": [ 0.0, 0.0, 16.0, 16.0 ] },
                "down": { "texture": "#0", "uv": [ 0.0, 0.0, 16.0, 16.0 ] }
            }
        }
	]
}
