{
    "pools": [
        {
            "rolls": 1,
            "entries": [
                {
                    "type": "item",
                    "name": "minecraft:pumpkin_seeds",
                    "weight": 1,
                    "functions": [
                        {
                            "function": "set_count",
                            "count": {
                                "min": 1,
                                "max": 1
                            }
                        },
                        {
                            "function": "set_nbt",
                            "tag": "{display:{Name:'{\"text\":\"Silverfish Scales\",\"italic\":false}',Lore:[]}}"
                        }
                    ]
                }
            ]
        }
    ]
}
