{
  "display": {
    "icon": {
      "item": "minecraft:red_dye"
    },
    "title": {
      "text": "Win Graveyard Mayhem"
    },
    "description": [
      "",
      {
        "text": "Don't worry, your pals will be back next round for you to beat again."
      }
    ],
    "show_toast": true,
    "announce_to_chat": false
  },
  "parent": "gm:minigame_play",
  "criteria": {
    "impossible": {
      "trigger": "impossible"
    }
  },
  "rewards": {
    "function": "lobby:costume/unlock/drowned"
  }
}
