{
  "display": {
    "icon": {
      "item": "minecraft:red_dye"
    },
    "title": {
      "text": "Win Pumpkin Carving"
    },
    "description": [
      "",
      {
        "text": "Though a canvas may not be your medium, you have proven your chops as an artist!"
      }
    ],
    "show_toast": true,
    "announce_to_chat": false
  },
  "parent": "pc:minigame_play",
  "criteria": {
    "impossible": {
      "trigger": "impossible"
    }
  },
  "rewards": {
    "function": "lobby:costume/unlock/headless_horseman"
  }
}
