{
    "display": {
        "icon": {
            "item": "minecraft:jack_o_lantern"
        },
        "title": {
            "text": "Pumpkin Carving"
        },
        "description": {
            "text": "Some additional challenges for you."
        },
        "background": "minecraft:textures/block/orange_concrete.png",
        "show_toast": false,
        "announce_to_chat": false
    },
    "criteria": {
        "instant": {
            "trigger": "minecraft:tick"
        }
    }
}
