{
	"credit": "Made with Blockbench by dragonmaster95",
	"ambientocclusion": false,
	"textures": {
		"0": "block/white_concrete",
		"particle": "block/white_concrete"
	},
	"elements": [
		{
			"from": [6.42785, 0.8636, 0.09728],
			"to": [9.57215, 1.6868, 1.4144],
			"rotation": {"angle": 22.5, "axis": "y", "origin": [8, 8.76632, 8]},
			"faces": {
				"north": {"uv": [5.1, 5.1, 5.9, 5.9], "rotation": 270, "texture": "#0"},
				"south": {"uv": [5.1, 5.1, 5.9, 5.9], "rotation": 270, "texture": "#0"},
				"up": {"uv": [5.1, 5.1, 5.9, 5.9], "rotation": 270, "texture": "#0"},
				"down": {"uv": [5.1, 5.1, 5.9, 5.9], "rotation": 270, "texture": "#0"}
			}
		},
		{
			"from": [6.68988, 0.0404, 1.4144],
			"to": [9.31012, 0.8636, 14.5856],
			"faces": {
				"north": {"uv": [5.1, 5.1, 5.9, 5.9], "rotation": 270, "texture": "#0"},
				"south": {"uv": [5.1, 5.1, 5.9, 5.9], "rotation": 270, "texture": "#0"},
				"up": {"uv": [5.1, 5.1, 5.9, 5.9], "rotation": 270, "texture": "#0"},
				"down": {"uv": [5.1, 5.1, 5.9, 5.9], "rotation": 270, "texture": "#0"}
			}
		},
		{
			"from": [6.68988, 0.0404, 1.4144],
			"to": [9.31012, 0.8636, 14.5856],
			"rotation": {"angle": 22.5, "axis": "y", "origin": [8, 6.626, 8]},
			"faces": {
				"north": {"uv": [5.1, 5.1, 5.9, 5.9], "rotation": 270, "texture": "#0"},
				"south": {"uv": [5.1, 5.1, 5.9, 5.9], "rotation": 270, "texture": "#0"},
				"up": {"uv": [5.1, 5.1, 5.9, 5.9], "rotation": 270, "texture": "#0"},
				"down": {"uv": [5.1, 5.1, 5.9, 5.9], "rotation": 270, "texture": "#0"}
			}
		},
		{
			"from": [6.68988, 0.0404, 1.4144],
			"to": [9.31012, 0.8636, 14.5856],
			"rotation": {"angle": 45, "axis": "y", "origin": [8, 6.626, 8]},
			"faces": {
				"north": {"uv": [5.1, 5.1, 5.9, 5.9], "rotation": 270, "texture": "#0"},
				"south": {"uv": [5.1, 5.1, 5.9, 5.9], "rotation": 270, "texture": "#0"},
				"up": {"uv": [5.1, 5.1, 5.9, 5.9], "rotation": 270, "texture": "#0"},
				"down": {"uv": [5.1, 5.1, 5.9, 5.9], "rotation": 270, "texture": "#0"}
			}
		},
		{
			"from": [1.4144, 0.0404, 6.68988],
			"to": [14.5856, 0.8636, 9.31012],
			"rotation": {"angle": -22.5, "axis": "y", "origin": [8, 6.626, 8]},
			"faces": {
				"east": {"uv": [5.1, 5.1, 5.9, 5.9], "rotation": 270, "texture": "#0"},
				"west": {"uv": [5.1, 5.1, 5.9, 5.9], "rotation": 270, "texture": "#0"},
				"up": {"uv": [5.1, 5.1, 5.9, 5.9], "rotation": 180, "texture": "#0"},
				"down": {"uv": [5.1, 5.1, 5.9, 5.9], "texture": "#0"}
			}
		},
		{
			"from": [1.4144, 0.0404, 6.68988],
			"to": [14.5856, 0.8636, 9.31012],
			"rotation": {"angle": 0, "axis": "y", "origin": [8, 6.626, 8]},
			"faces": {
				"east": {"uv": [5.1, 5.1, 5.9, 5.9], "rotation": 270, "texture": "#0"},
				"west": {"uv": [5.1, 5.1, 5.9, 5.9], "rotation": 270, "texture": "#0"},
				"up": {"uv": [5.1, 5.1, 5.9, 5.9], "rotation": 180, "texture": "#0"},
				"down": {"uv": [5.1, 5.1, 5.9, 5.9], "texture": "#0"}
			}
		},
		{
			"from": [1.4144, 0.0404, 6.68988],
			"to": [14.5856, 0.8636, 9.31012],
			"rotation": {"angle": 22.5, "axis": "y", "origin": [8, 6.626, 8]},
			"faces": {
				"east": {"uv": [5.1, 5.1, 5.9, 5.9], "rotation": 270, "texture": "#0"},
				"west": {"uv": [5.1, 5.1, 5.9, 5.9], "rotation": 270, "texture": "#0"},
				"up": {"uv": [5.1, 5.1, 5.9, 5.9], "rotation": 180, "texture": "#0"},
				"down": {"uv": [5.1, 5.1, 5.9, 5.9], "texture": "#0"}
			}
		},
		{
			"from": [1.4144, 0.0404, 6.68988],
			"to": [14.5856, 0.8636, 9.31012],
			"rotation": {"angle": 45, "axis": "y", "origin": [8, 6.626, 8]},
			"faces": {
				"east": {"uv": [5.1, 5.1, 5.9, 5.9], "rotation": 270, "texture": "#0"},
				"west": {"uv": [5.1, 5.1, 5.9, 5.9], "rotation": 270, "texture": "#0"},
				"up": {"uv": [5.1, 5.1, 5.9, 5.9], "rotation": 180, "texture": "#0"},
				"down": {"uv": [5.1, 5.1, 5.9, 5.9], "texture": "#0"}
			}
		},
		{
			"from": [6.68988, 0.0404, 1.4144],
			"to": [9.31012, 0.8636, 14.5856],
			"rotation": {"angle": -22.5, "axis": "y", "origin": [8, 6.626, 8]},
			"faces": {
				"north": {"uv": [5.1, 5.1, 5.9, 5.9], "rotation": 270, "texture": "#0"},
				"south": {"uv": [5.1, 5.1, 5.9, 5.9], "rotation": 270, "texture": "#0"},
				"up": {"uv": [5.1, 5.1, 5.9, 5.9], "rotation": 90, "texture": "#0"},
				"down": {"uv": [5.1, 5.1, 5.9, 5.9], "rotation": 90, "texture": "#0"}
			}
		},
		{
			"from": [14.5856, 0.8636, 6.42785],
			"to": [15.90272, 1.6868, 9.57215],
			"faces": {
				"east": {"uv": [5.1, 5.1, 5.9, 5.9], "rotation": 270, "texture": "#0"},
				"west": {"uv": [5.1, 5.1, 5.9, 5.9], "rotation": 270, "texture": "#0"},
				"up": {"uv": [5.1, 5.1, 5.9, 5.9], "texture": "#0"},
				"down": {"uv": [5.1, 5.1, 5.9, 5.9], "rotation": 180, "texture": "#0"}
			}
		},
		{
			"from": [14.5856, 0.8636, 6.42785],
			"to": [15.90272, 1.6868, 9.57215],
			"rotation": {"angle": 22.5, "axis": "y", "origin": [8, 8.76632, 8]},
			"faces": {
				"east": {"uv": [5.1, 5.1, 5.9, 5.9], "rotation": 270, "texture": "#0"},
				"west": {"uv": [5.1, 5.1, 5.9, 5.9], "rotation": 270, "texture": "#0"},
				"up": {"uv": [5.1, 5.1, 5.9, 5.9], "texture": "#0"},
				"down": {"uv": [5.1, 5.1, 5.9, 5.9], "rotation": 180, "texture": "#0"}
			}
		},
		{
			"from": [14.5856, 0.8636, 6.42785],
			"to": [15.90272, 1.6868, 9.57215],
			"rotation": {"angle": 45, "axis": "y", "origin": [8, 8.76632, 8]},
			"faces": {
				"east": {"uv": [5.1, 5.1, 5.9, 5.9], "rotation": 270, "texture": "#0"},
				"west": {"uv": [5.1, 5.1, 5.9, 5.9], "rotation": 270, "texture": "#0"},
				"up": {"uv": [5.1, 5.1, 5.9, 5.9], "texture": "#0"},
				"down": {"uv": [5.1, 5.1, 5.9, 5.9], "rotation": 180, "texture": "#0"}
			}
		},
		{
			"from": [14.5856, 0.8636, 6.42785],
			"to": [15.90272, 1.6868, 9.57215],
			"rotation": {"angle": -22.5, "axis": "y", "origin": [8, 8.76632, 8]},
			"faces": {
				"east": {"uv": [5.1, 5.1, 5.9, 5.9], "rotation": 270, "texture": "#0"},
				"west": {"uv": [5.1, 5.1, 5.9, 5.9], "rotation": 270, "texture": "#0"},
				"up": {"uv": [5.1, 5.1, 5.9, 5.9], "rotation": 180, "texture": "#0"},
				"down": {"uv": [5.1, 5.1, 5.9, 5.9], "texture": "#0"}
			}
		},
		{
			"from": [6.42785, 0.8636, 0.09728],
			"to": [9.57215, 1.6868, 1.4144],
			"faces": {
				"north": {"uv": [5.1, 5.1, 5.9, 5.9], "rotation": 270, "texture": "#0"},
				"south": {"uv": [5.1, 5.1, 5.9, 5.9], "rotation": 270, "texture": "#0"},
				"up": {"uv": [5.1, 5.1, 5.9, 5.9], "rotation": 270, "texture": "#0"},
				"down": {"uv": [5.1, 5.1, 5.9, 5.9], "rotation": 270, "texture": "#0"}
			}
		},
		{
			"from": [6.42785, 0.8636, 0.09728],
			"to": [9.57215, 1.6868, 1.4144],
			"rotation": {"angle": 45, "axis": "y", "origin": [8, 8.76632, 8]},
			"faces": {
				"north": {"uv": [5.1, 5.1, 5.9, 5.9], "rotation": 270, "texture": "#0"},
				"south": {"uv": [5.1, 5.1, 5.9, 5.9], "rotation": 270, "texture": "#0"},
				"up": {"uv": [5.1, 5.1, 5.9, 5.9], "rotation": 270, "texture": "#0"},
				"down": {"uv": [5.1, 5.1, 5.9, 5.9], "rotation": 270, "texture": "#0"}
			}
		},
		{
			"from": [6.42785, 0.8636, 0.09728],
			"to": [9.57215, 1.6868, 1.4144],
			"rotation": {"angle": -22.5, "axis": "y", "origin": [8, 8.76632, 8]},
			"faces": {
				"north": {"uv": [5.1, 5.1, 5.9, 5.9], "rotation": 270, "texture": "#0"},
				"south": {"uv": [5.1, 5.1, 5.9, 5.9], "rotation": 270, "texture": "#0"},
				"up": {"uv": [5.1, 5.1, 5.9, 5.9], "rotation": 90, "texture": "#0"},
				"down": {"uv": [5.1, 5.1, 5.9, 5.9], "rotation": 90, "texture": "#0"}
			}
		},
		{
			"from": [0.09728, 0.8636, 6.42785],
			"to": [1.4144, 1.6868, 9.57215],
			"faces": {
				"east": {"uv": [5.1, 5.1, 5.9, 5.9], "rotation": 270, "texture": "#0"},
				"west": {"uv": [5.1, 5.1, 5.9, 5.9], "rotation": 270, "texture": "#0"},
				"up": {"uv": [5.1, 5.1, 5.9, 5.9], "rotation": 180, "texture": "#0"},
				"down": {"uv": [5.1, 5.1, 5.9, 5.9], "texture": "#0"}
			}
		},
		{
			"from": [0.09728, 0.8636, 6.42785],
			"to": [1.4144, 1.6868, 9.57215],
			"rotation": {"angle": 22.5, "axis": "y", "origin": [8, 8.76632, 8]},
			"faces": {
				"east": {"uv": [5.1, 5.1, 5.9, 5.9], "rotation": 270, "texture": "#0"},
				"west": {"uv": [5.1, 5.1, 5.9, 5.9], "rotation": 270, "texture": "#0"},
				"up": {"uv": [5.1, 5.1, 5.9, 5.9], "rotation": 180, "texture": "#0"},
				"down": {"uv": [5.1, 5.1, 5.9, 5.9], "texture": "#0"}
			}
		},
		{
			"from": [0.09728, 0.8636, 6.42785],
			"to": [1.4144, 1.6868, 9.57215],
			"rotation": {"angle": 45, "axis": "y", "origin": [8, 8.76632, 8]},
			"faces": {
				"east": {"uv": [5.1, 5.1, 5.9, 5.9], "rotation": 270, "texture": "#0"},
				"west": {"uv": [5.1, 5.1, 5.9, 5.9], "rotation": 270, "texture": "#0"},
				"up": {"uv": [5.1, 5.1, 5.9, 5.9], "rotation": 180, "texture": "#0"},
				"down": {"uv": [5.1, 5.1, 5.9, 5.9], "texture": "#0"}
			}
		},
		{
			"from": [0.09728, 0.8636, 6.42785],
			"to": [1.4144, 1.6868, 9.57215],
			"rotation": {"angle": -22.5, "axis": "y", "origin": [8, 8.76632, 8]},
			"faces": {
				"east": {"uv": [5.1, 5.1, 5.9, 5.9], "rotation": 270, "texture": "#0"},
				"west": {"uv": [5.1, 5.1, 5.9, 5.9], "rotation": 270, "texture": "#0"},
				"up": {"uv": [5.1, 5.1, 5.9, 5.9], "texture": "#0"},
				"down": {"uv": [5.1, 5.1, 5.9, 5.9], "rotation": 180, "texture": "#0"}
			}
		},
		{
			"from": [6.42785, 0.8636, 14.5856],
			"to": [9.57215, 1.6868, 15.90272],
			"faces": {
				"north": {"uv": [5.1, 5.1, 5.9, 5.9], "rotation": 270, "texture": "#0"},
				"south": {"uv": [5.1, 5.1, 5.9, 5.9], "rotation": 270, "texture": "#0"},
				"up": {"uv": [5.1, 5.1, 5.9, 5.9], "rotation": 90, "texture": "#0"},
				"down": {"uv": [5.1, 5.1, 5.9, 5.9], "rotation": 90, "texture": "#0"}
			}
		},
		{
			"from": [6.42785, 0.8636, 14.5856],
			"to": [9.57215, 1.6868, 15.90272],
			"rotation": {"angle": 22.5, "axis": "y", "origin": [8, 8.76632, 8]},
			"faces": {
				"north": {"uv": [5.1, 5.1, 5.9, 5.9], "rotation": 270, "texture": "#0"},
				"south": {"uv": [5.1, 5.1, 5.9, 5.9], "rotation": 270, "texture": "#0"},
				"up": {"uv": [5.1, 5.1, 5.9, 5.9], "rotation": 90, "texture": "#0"},
				"down": {"uv": [5.1, 5.1, 5.9, 5.9], "rotation": 90, "texture": "#0"}
			}
		},
		{
			"from": [6.42785, 0.8636, 14.5856],
			"to": [9.57215, 1.6868, 15.90272],
			"rotation": {"angle": 45, "axis": "y", "origin": [8, 8.76632, 8]},
			"faces": {
				"north": {"uv": [5.1, 5.1, 5.9, 5.9], "rotation": 270, "texture": "#0"},
				"south": {"uv": [5.1, 5.1, 5.9, 5.9], "rotation": 270, "texture": "#0"},
				"up": {"uv": [5.1, 5.1, 5.9, 5.9], "rotation": 90, "texture": "#0"},
				"down": {"uv": [5.1, 5.1, 5.9, 5.9], "rotation": 90, "texture": "#0"}
			}
		},
		{
			"from": [6.42785, 0.8636, 14.5856],
			"to": [9.57215, 1.6868, 15.90272],
			"rotation": {"angle": -22.5, "axis": "y", "origin": [8, 8.76632, 8]},
			"faces": {
				"north": {"uv": [5.1, 5.1, 5.9, 5.9], "rotation": 270, "texture": "#0"},
				"south": {"uv": [5.1, 5.1, 5.9, 5.9], "rotation": 270, "texture": "#0"},
				"up": {"uv": [5.1, 5.1, 5.9, 5.9], "rotation": 270, "texture": "#0"},
				"down": {"uv": [5.1, 5.1, 5.9, 5.9], "rotation": 270, "texture": "#0"}
			}
		},
		{
			"from": [6.92785, 1.8636, 1.09728],
			"to": [10.07215, 2.6868, 2.4144],
			"rotation": {"angle": 22.5, "axis": "y", "origin": [8.5, 9.76632, 9]},
			"faces": {
				"north": {"uv": [5.1, 5.1, 5.9, 5.9], "rotation": 270, "texture": "#0"},
				"south": {"uv": [5.1, 5.1, 5.9, 5.9], "rotation": 270, "texture": "#0"},
				"up": {"uv": [5.1, 5.1, 5.9, 5.9], "rotation": 270, "texture": "#0"},
				"down": {"uv": [5.1, 5.1, 5.9, 5.9], "rotation": 270, "texture": "#0"}
			}
		},
		{
			"from": [7.18988, 1.0404, 2.4144],
			"to": [9.81012, 1.8636, 15.5856],
			"rotation": {"angle": 0, "axis": "y", "origin": [8.5, 9, 9]},
			"faces": {
				"north": {"uv": [5.1, 5.1, 5.9, 5.9], "rotation": 270, "texture": "#0"},
				"south": {"uv": [5.1, 5.1, 5.9, 5.9], "rotation": 270, "texture": "#0"},
				"up": {"uv": [5.1, 5.1, 5.9, 5.9], "rotation": 270, "texture": "#0"},
				"down": {"uv": [5.1, 5.1, 5.9, 5.9], "rotation": 270, "texture": "#0"}
			}
		},
		{
			"from": [7.18988, 1.0404, 2.4144],
			"to": [9.81012, 1.8636, 15.5856],
			"rotation": {"angle": 22.5, "axis": "y", "origin": [8.5, 7.626, 9]},
			"faces": {
				"north": {"uv": [5.1, 5.1, 5.9, 5.9], "rotation": 270, "texture": "#0"},
				"south": {"uv": [5.1, 5.1, 5.9, 5.9], "rotation": 270, "texture": "#0"},
				"up": {"uv": [5.1, 5.1, 5.9, 5.9], "rotation": 270, "texture": "#0"},
				"down": {"uv": [5.1, 5.1, 5.9, 5.9], "rotation": 270, "texture": "#0"}
			}
		},
		{
			"from": [7.18988, 1.0404, 2.4144],
			"to": [9.81012, 1.8636, 15.5856],
			"rotation": {"angle": 45, "axis": "y", "origin": [8.5, 7.626, 9]},
			"faces": {
				"north": {"uv": [5.1, 5.1, 5.9, 5.9], "rotation": 270, "texture": "#0"},
				"south": {"uv": [5.1, 5.1, 5.9, 5.9], "rotation": 270, "texture": "#0"},
				"up": {"uv": [5.1, 5.1, 5.9, 5.9], "rotation": 270, "texture": "#0"},
				"down": {"uv": [5.1, 5.1, 5.9, 5.9], "rotation": 270, "texture": "#0"}
			}
		},
		{
			"from": [1.9144, 1.0404, 7.68988],
			"to": [15.0856, 1.8636, 10.31012],
			"rotation": {"angle": -22.5, "axis": "y", "origin": [8.5, 7.626, 9]},
			"faces": {
				"east": {"uv": [5.1, 5.1, 5.9, 5.9], "rotation": 270, "texture": "#0"},
				"west": {"uv": [5.1, 5.1, 5.9, 5.9], "rotation": 270, "texture": "#0"},
				"up": {"uv": [5.1, 5.1, 5.9, 5.9], "rotation": 180, "texture": "#0"},
				"down": {"uv": [5.1, 5.1, 5.9, 5.9], "texture": "#0"}
			}
		},
		{
			"from": [1.9144, 1.0404, 7.68988],
			"to": [15.0856, 1.8636, 10.31012],
			"rotation": {"angle": 0, "axis": "y", "origin": [8.5, 7.626, 9]},
			"faces": {
				"east": {"uv": [5.1, 5.1, 5.9, 5.9], "rotation": 270, "texture": "#0"},
				"west": {"uv": [5.1, 5.1, 5.9, 5.9], "rotation": 270, "texture": "#0"},
				"up": {"uv": [5.1, 5.1, 5.9, 5.9], "rotation": 180, "texture": "#0"},
				"down": {"uv": [5.1, 5.1, 5.9, 5.9], "texture": "#0"}
			}
		},
		{
			"from": [1.9144, 1.0404, 7.68988],
			"to": [15.0856, 1.8636, 10.31012],
			"rotation": {"angle": 22.5, "axis": "y", "origin": [8.5, 7.626, 9]},
			"faces": {
				"east": {"uv": [5.1, 5.1, 5.9, 5.9], "rotation": 270, "texture": "#0"},
				"west": {"uv": [5.1, 5.1, 5.9, 5.9], "rotation": 270, "texture": "#0"},
				"up": {"uv": [5.1, 5.1, 5.9, 5.9], "rotation": 180, "texture": "#0"},
				"down": {"uv": [5.1, 5.1, 5.9, 5.9], "texture": "#0"}
			}
		},
		{
			"from": [1.9144, 1.0404, 7.68988],
			"to": [15.0856, 1.8636, 10.31012],
			"rotation": {"angle": 45, "axis": "y", "origin": [8.5, 7.626, 9]},
			"faces": {
				"east": {"uv": [5.1, 5.1, 5.9, 5.9], "rotation": 270, "texture": "#0"},
				"west": {"uv": [5.1, 5.1, 5.9, 5.9], "rotation": 270, "texture": "#0"},
				"up": {"uv": [5.1, 5.1, 5.9, 5.9], "rotation": 180, "texture": "#0"},
				"down": {"uv": [5.1, 5.1, 5.9, 5.9], "texture": "#0"}
			}
		},
		{
			"from": [7.18988, 1.0404, 2.4144],
			"to": [9.81012, 1.8636, 15.5856],
			"rotation": {"angle": -22.5, "axis": "y", "origin": [8.5, 7.626, 9]},
			"faces": {
				"north": {"uv": [5.1, 5.1, 5.9, 5.9], "rotation": 270, "texture": "#0"},
				"south": {"uv": [5.1, 5.1, 5.9, 5.9], "rotation": 270, "texture": "#0"},
				"up": {"uv": [5.1, 5.1, 5.9, 5.9], "rotation": 90, "texture": "#0"},
				"down": {"uv": [5.1, 5.1, 5.9, 5.9], "rotation": 90, "texture": "#0"}
			}
		},
		{
			"from": [15.0856, 1.8636, 7.42785],
			"to": [16.40272, 2.6868, 10.57215],
			"rotation": {"angle": 0, "axis": "y", "origin": [8.5, 9, 9]},
			"faces": {
				"east": {"uv": [5.1, 5.1, 5.9, 5.9], "rotation": 270, "texture": "#0"},
				"west": {"uv": [5.1, 5.1, 5.9, 5.9], "rotation": 270, "texture": "#0"},
				"up": {"uv": [5.1, 5.1, 5.9, 5.9], "texture": "#0"},
				"down": {"uv": [5.1, 5.1, 5.9, 5.9], "rotation": 180, "texture": "#0"}
			}
		},
		{
			"from": [15.0856, 1.8636, 7.42785],
			"to": [16.40272, 2.6868, 10.57215],
			"rotation": {"angle": 22.5, "axis": "y", "origin": [8.5, 9.76632, 9]},
			"faces": {
				"east": {"uv": [5.1, 5.1, 5.9, 5.9], "rotation": 270, "texture": "#0"},
				"west": {"uv": [5.1, 5.1, 5.9, 5.9], "rotation": 270, "texture": "#0"},
				"up": {"uv": [5.1, 5.1, 5.9, 5.9], "texture": "#0"},
				"down": {"uv": [5.1, 5.1, 5.9, 5.9], "rotation": 180, "texture": "#0"}
			}
		},
		{
			"from": [15.0856, 1.8636, 7.42785],
			"to": [16.40272, 2.6868, 10.57215],
			"rotation": {"angle": 45, "axis": "y", "origin": [8.5, 9.76632, 9]},
			"faces": {
				"east": {"uv": [5.1, 5.1, 5.9, 5.9], "rotation": 270, "texture": "#0"},
				"west": {"uv": [5.1, 5.1, 5.9, 5.9], "rotation": 270, "texture": "#0"},
				"up": {"uv": [5.1, 5.1, 5.9, 5.9], "texture": "#0"},
				"down": {"uv": [5.1, 5.1, 5.9, 5.9], "rotation": 180, "texture": "#0"}
			}
		},
		{
			"from": [15.0856, 1.8636, 7.42785],
			"to": [16.40272, 2.6868, 10.57215],
			"rotation": {"angle": -22.5, "axis": "y", "origin": [8.5, 9.76632, 9]},
			"faces": {
				"east": {"uv": [5.1, 5.1, 5.9, 5.9], "rotation": 270, "texture": "#0"},
				"west": {"uv": [5.1, 5.1, 5.9, 5.9], "rotation": 270, "texture": "#0"},
				"up": {"uv": [5.1, 5.1, 5.9, 5.9], "rotation": 180, "texture": "#0"},
				"down": {"uv": [5.1, 5.1, 5.9, 5.9], "texture": "#0"}
			}
		},
		{
			"from": [6.92785, 1.8636, 1.09728],
			"to": [10.07215, 2.6868, 2.4144],
			"rotation": {"angle": 0, "axis": "y", "origin": [8.5, 9, 9]},
			"faces": {
				"north": {"uv": [5.1, 5.1, 5.9, 5.9], "rotation": 270, "texture": "#0"},
				"south": {"uv": [5.1, 5.1, 5.9, 5.9], "rotation": 270, "texture": "#0"},
				"up": {"uv": [5.1, 5.1, 5.9, 5.9], "rotation": 270, "texture": "#0"},
				"down": {"uv": [5.1, 5.1, 5.9, 5.9], "rotation": 270, "texture": "#0"}
			}
		},
		{
			"from": [6.92785, 1.8636, 1.09728],
			"to": [10.07215, 2.6868, 2.4144],
			"rotation": {"angle": 45, "axis": "y", "origin": [8.5, 9.76632, 9]},
			"faces": {
				"north": {"uv": [5.1, 5.1, 5.9, 5.9], "rotation": 270, "texture": "#0"},
				"south": {"uv": [5.1, 5.1, 5.9, 5.9], "rotation": 270, "texture": "#0"},
				"up": {"uv": [5.1, 5.1, 5.9, 5.9], "rotation": 270, "texture": "#0"},
				"down": {"uv": [5.1, 5.1, 5.9, 5.9], "rotation": 270, "texture": "#0"}
			}
		},
		{
			"from": [6.92785, 1.8636, 1.09728],
			"to": [10.07215, 2.6868, 2.4144],
			"rotation": {"angle": -22.5, "axis": "y", "origin": [8.5, 9.76632, 9]},
			"faces": {
				"north": {"uv": [5.1, 5.1, 5.9, 5.9], "rotation": 270, "texture": "#0"},
				"south": {"uv": [5.1, 5.1, 5.9, 5.9], "rotation": 270, "texture": "#0"},
				"up": {"uv": [5.1, 5.1, 5.9, 5.9], "rotation": 90, "texture": "#0"},
				"down": {"uv": [5.1, 5.1, 5.9, 5.9], "rotation": 90, "texture": "#0"}
			}
		},
		{
			"from": [0.59728, 1.8636, 7.42785],
			"to": [1.9144, 2.6868, 10.57215],
			"rotation": {"angle": 0, "axis": "y", "origin": [8.5, 9, 9]},
			"faces": {
				"east": {"uv": [5.1, 5.1, 5.9, 5.9], "rotation": 270, "texture": "#0"},
				"west": {"uv": [5.1, 5.1, 5.9, 5.9], "rotation": 270, "texture": "#0"},
				"up": {"uv": [5.1, 5.1, 5.9, 5.9], "rotation": 180, "texture": "#0"},
				"down": {"uv": [5.1, 5.1, 5.9, 5.9], "texture": "#0"}
			}
		},
		{
			"from": [0.59728, 1.8636, 7.42785],
			"to": [1.9144, 2.6868, 10.57215],
			"rotation": {"angle": 22.5, "axis": "y", "origin": [8.5, 9.76632, 9]},
			"faces": {
				"east": {"uv": [5.1, 5.1, 5.9, 5.9], "rotation": 270, "texture": "#0"},
				"west": {"uv": [5.1, 5.1, 5.9, 5.9], "rotation": 270, "texture": "#0"},
				"up": {"uv": [5.1, 5.1, 5.9, 5.9], "rotation": 180, "texture": "#0"},
				"down": {"uv": [5.1, 5.1, 5.9, 5.9], "texture": "#0"}
			}
		},
		{
			"from": [0.59728, 1.8636, 7.42785],
			"to": [1.9144, 2.6868, 10.57215],
			"rotation": {"angle": 45, "axis": "y", "origin": [8.5, 9.76632, 9]},
			"faces": {
				"east": {"uv": [5.1, 5.1, 5.9, 5.9], "rotation": 270, "texture": "#0"},
				"west": {"uv": [5.1, 5.1, 5.9, 5.9], "rotation": 270, "texture": "#0"},
				"up": {"uv": [5.1, 5.1, 5.9, 5.9], "rotation": 180, "texture": "#0"},
				"down": {"uv": [5.1, 5.1, 5.9, 5.9], "texture": "#0"}
			}
		},
		{
			"from": [0.59728, 1.8636, 7.42785],
			"to": [1.9144, 2.6868, 10.57215],
			"rotation": {"angle": -22.5, "axis": "y", "origin": [8.5, 9.76632, 9]},
			"faces": {
				"east": {"uv": [5.1, 5.1, 5.9, 5.9], "rotation": 270, "texture": "#0"},
				"west": {"uv": [5.1, 5.1, 5.9, 5.9], "rotation": 270, "texture": "#0"},
				"up": {"uv": [5.1, 5.1, 5.9, 5.9], "texture": "#0"},
				"down": {"uv": [5.1, 5.1, 5.9, 5.9], "rotation": 180, "texture": "#0"}
			}
		},
		{
			"from": [6.92785, 1.8636, 15.5856],
			"to": [10.07215, 2.6868, 16.90272],
			"rotation": {"angle": 0, "axis": "y", "origin": [8.5, 9, 9]},
			"faces": {
				"north": {"uv": [5.1, 5.1, 5.9, 5.9], "rotation": 270, "texture": "#0"},
				"south": {"uv": [5.1, 5.1, 5.9, 5.9], "rotation": 270, "texture": "#0"},
				"up": {"uv": [5.1, 5.1, 5.9, 5.9], "rotation": 90, "texture": "#0"},
				"down": {"uv": [5.1, 5.1, 5.9, 5.9], "rotation": 90, "texture": "#0"}
			}
		},
		{
			"from": [6.92785, 1.8636, 15.5856],
			"to": [10.07215, 2.6868, 16.90272],
			"rotation": {"angle": 22.5, "axis": "y", "origin": [8.5, 9.76632, 9]},
			"faces": {
				"north": {"uv": [5.1, 5.1, 5.9, 5.9], "rotation": 270, "texture": "#0"},
				"south": {"uv": [5.1, 5.1, 5.9, 5.9], "rotation": 270, "texture": "#0"},
				"up": {"uv": [5.1, 5.1, 5.9, 5.9], "rotation": 90, "texture": "#0"},
				"down": {"uv": [5.1, 5.1, 5.9, 5.9], "rotation": 90, "texture": "#0"}
			}
		},
		{
			"from": [6.92785, 1.8636, 15.5856],
			"to": [10.07215, 2.6868, 16.90272],
			"rotation": {"angle": 45, "axis": "y", "origin": [8.5, 9.76632, 9]},
			"faces": {
				"north": {"uv": [5.1, 5.1, 5.9, 5.9], "rotation": 270, "texture": "#0"},
				"south": {"uv": [5.1, 5.1, 5.9, 5.9], "rotation": 270, "texture": "#0"},
				"up": {"uv": [5.1, 5.1, 5.9, 5.9], "rotation": 90, "texture": "#0"},
				"down": {"uv": [5.1, 5.1, 5.9, 5.9], "rotation": 90, "texture": "#0"}
			}
		},
		{
			"from": [6.92785, 1.8636, 15.5856],
			"to": [10.07215, 2.6868, 16.90272],
			"rotation": {"angle": -22.5, "axis": "y", "origin": [8.5, 9.76632, 9]},
			"faces": {
				"north": {"uv": [5.1, 5.1, 5.9, 5.9], "rotation": 270, "texture": "#0"},
				"south": {"uv": [5.1, 5.1, 5.9, 5.9], "rotation": 270, "texture": "#0"},
				"up": {"uv": [5.1, 5.1, 5.9, 5.9], "rotation": 270, "texture": "#0"},
				"down": {"uv": [5.1, 5.1, 5.9, 5.9], "rotation": 270, "texture": "#0"}
			}
		},
		{
			"from": [7.42785, 3.3636, -0.65272],
			"to": [10.57215, 4.1868, 0.6644],
			"rotation": {"angle": 22.5, "axis": "y", "origin": [9, 11.26632, 7.25]},
			"faces": {
				"north": {"uv": [5.1, 5.1, 5.9, 5.9], "rotation": 270, "texture": "#0"},
				"south": {"uv": [5.1, 5.1, 5.9, 5.9], "rotation": 270, "texture": "#0"},
				"up": {"uv": [5.1, 5.1, 5.9, 5.9], "rotation": 270, "texture": "#0"},
				"down": {"uv": [5.1, 5.1, 5.9, 5.9], "rotation": 270, "texture": "#0"}
			}
		},
		{
			"from": [7.68988, 2.5404, 0.6644],
			"to": [10.31012, 3.3636, 13.8356],
			"rotation": {"angle": 0, "axis": "y", "origin": [9, 10.5, 7.25]},
			"faces": {
				"north": {"uv": [5.1, 5.1, 5.9, 5.9], "rotation": 270, "texture": "#0"},
				"south": {"uv": [5.1, 5.1, 5.9, 5.9], "rotation": 270, "texture": "#0"},
				"up": {"uv": [5.1, 5.1, 5.9, 5.9], "rotation": 270, "texture": "#0"},
				"down": {"uv": [5.1, 5.1, 5.9, 5.9], "rotation": 270, "texture": "#0"}
			}
		},
		{
			"from": [7.68988, 2.5404, 0.6644],
			"to": [10.31012, 3.3636, 13.8356],
			"rotation": {"angle": 22.5, "axis": "y", "origin": [9, 9.126, 7.25]},
			"faces": {
				"north": {"uv": [5.1, 5.1, 5.9, 5.9], "rotation": 270, "texture": "#0"},
				"south": {"uv": [5.1, 5.1, 5.9, 5.9], "rotation": 270, "texture": "#0"},
				"up": {"uv": [5.1, 5.1, 5.9, 5.9], "rotation": 270, "texture": "#0"},
				"down": {"uv": [5.1, 5.1, 5.9, 5.9], "rotation": 270, "texture": "#0"}
			}
		},
		{
			"from": [7.68988, 2.5404, 0.6644],
			"to": [10.31012, 3.3636, 13.8356],
			"rotation": {"angle": 45, "axis": "y", "origin": [9, 9.126, 7.25]},
			"faces": {
				"north": {"uv": [5.1, 5.1, 5.9, 5.9], "rotation": 270, "texture": "#0"},
				"south": {"uv": [5.1, 5.1, 5.9, 5.9], "rotation": 270, "texture": "#0"},
				"up": {"uv": [5.1, 5.1, 5.9, 5.9], "rotation": 270, "texture": "#0"},
				"down": {"uv": [5.1, 5.1, 5.9, 5.9], "rotation": 270, "texture": "#0"}
			}
		},
		{
			"from": [2.4144, 2.5404, 5.93988],
			"to": [15.5856, 3.3636, 8.56012],
			"rotation": {"angle": -22.5, "axis": "y", "origin": [9, 9.126, 7.25]},
			"faces": {
				"east": {"uv": [5.1, 5.1, 5.9, 5.9], "rotation": 270, "texture": "#0"},
				"west": {"uv": [5.1, 5.1, 5.9, 5.9], "rotation": 270, "texture": "#0"},
				"up": {"uv": [5.1, 5.1, 5.9, 5.9], "rotation": 180, "texture": "#0"},
				"down": {"uv": [5.1, 5.1, 5.9, 5.9], "texture": "#0"}
			}
		},
		{
			"from": [2.4144, 2.5404, 5.93988],
			"to": [15.5856, 3.3636, 8.56012],
			"rotation": {"angle": 0, "axis": "y", "origin": [9, 9.126, 7.25]},
			"faces": {
				"east": {"uv": [5.1, 5.1, 5.9, 5.9], "rotation": 270, "texture": "#0"},
				"west": {"uv": [5.1, 5.1, 5.9, 5.9], "rotation": 270, "texture": "#0"},
				"up": {"uv": [5.1, 5.1, 5.9, 5.9], "rotation": 180, "texture": "#0"},
				"down": {"uv": [5.1, 5.1, 5.9, 5.9], "texture": "#0"}
			}
		},
		{
			"from": [2.4144, 2.5404, 5.93988],
			"to": [15.5856, 3.3636, 8.56012],
			"rotation": {"angle": 22.5, "axis": "y", "origin": [9, 9.126, 7.25]},
			"faces": {
				"east": {"uv": [5.1, 5.1, 5.9, 5.9], "rotation": 270, "texture": "#0"},
				"west": {"uv": [5.1, 5.1, 5.9, 5.9], "rotation": 270, "texture": "#0"},
				"up": {"uv": [5.1, 5.1, 5.9, 5.9], "rotation": 180, "texture": "#0"},
				"down": {"uv": [5.1, 5.1, 5.9, 5.9], "texture": "#0"}
			}
		},
		{
			"from": [2.4144, 2.5404, 5.93988],
			"to": [15.5856, 3.3636, 8.56012],
			"rotation": {"angle": 45, "axis": "y", "origin": [9, 9.126, 7.25]},
			"faces": {
				"east": {"uv": [5.1, 5.1, 5.9, 5.9], "rotation": 270, "texture": "#0"},
				"west": {"uv": [5.1, 5.1, 5.9, 5.9], "rotation": 270, "texture": "#0"},
				"up": {"uv": [5.1, 5.1, 5.9, 5.9], "rotation": 180, "texture": "#0"},
				"down": {"uv": [5.1, 5.1, 5.9, 5.9], "texture": "#0"}
			}
		},
		{
			"from": [7.68988, 2.5404, 0.6644],
			"to": [10.31012, 3.3636, 13.8356],
			"rotation": {"angle": -22.5, "axis": "y", "origin": [9, 9.126, 7.25]},
			"faces": {
				"north": {"uv": [5.1, 5.1, 5.9, 5.9], "rotation": 270, "texture": "#0"},
				"south": {"uv": [5.1, 5.1, 5.9, 5.9], "rotation": 270, "texture": "#0"},
				"up": {"uv": [5.1, 5.1, 5.9, 5.9], "rotation": 90, "texture": "#0"},
				"down": {"uv": [5.1, 5.1, 5.9, 5.9], "rotation": 90, "texture": "#0"}
			}
		},
		{
			"from": [15.5856, 3.3636, 5.67785],
			"to": [16.90272, 4.1868, 8.82215],
			"rotation": {"angle": 0, "axis": "y", "origin": [9, 10.5, 7.25]},
			"faces": {
				"east": {"uv": [5.1, 5.1, 5.9, 5.9], "rotation": 270, "texture": "#0"},
				"west": {"uv": [5.1, 5.1, 5.9, 5.9], "rotation": 270, "texture": "#0"},
				"up": {"uv": [5.1, 5.1, 5.9, 5.9], "texture": "#0"},
				"down": {"uv": [5.1, 5.1, 5.9, 5.9], "rotation": 180, "texture": "#0"}
			}
		},
		{
			"from": [15.5856, 3.3636, 5.67785],
			"to": [16.90272, 4.1868, 8.82215],
			"rotation": {"angle": 22.5, "axis": "y", "origin": [9, 11.26632, 7.25]},
			"faces": {
				"east": {"uv": [5.1, 5.1, 5.9, 5.9], "rotation": 270, "texture": "#0"},
				"west": {"uv": [5.1, 5.1, 5.9, 5.9], "rotation": 270, "texture": "#0"},
				"up": {"uv": [5.1, 5.1, 5.9, 5.9], "texture": "#0"},
				"down": {"uv": [5.1, 5.1, 5.9, 5.9], "rotation": 180, "texture": "#0"}
			}
		},
		{
			"from": [15.5856, 3.3636, 5.67785],
			"to": [16.90272, 4.1868, 8.82215],
			"rotation": {"angle": 45, "axis": "y", "origin": [9, 11.26632, 7.25]},
			"faces": {
				"east": {"uv": [5.1, 5.1, 5.9, 5.9], "rotation": 270, "texture": "#0"},
				"west": {"uv": [5.1, 5.1, 5.9, 5.9], "rotation": 270, "texture": "#0"},
				"up": {"uv": [5.1, 5.1, 5.9, 5.9], "texture": "#0"},
				"down": {"uv": [5.1, 5.1, 5.9, 5.9], "rotation": 180, "texture": "#0"}
			}
		},
		{
			"from": [15.5856, 3.3636, 5.67785],
			"to": [16.90272, 4.1868, 8.82215],
			"rotation": {"angle": -22.5, "axis": "y", "origin": [9, 11.26632, 7.25]},
			"faces": {
				"east": {"uv": [5.1, 5.1, 5.9, 5.9], "rotation": 270, "texture": "#0"},
				"west": {"uv": [5.1, 5.1, 5.9, 5.9], "rotation": 270, "texture": "#0"},
				"up": {"uv": [5.1, 5.1, 5.9, 5.9], "rotation": 180, "texture": "#0"},
				"down": {"uv": [5.1, 5.1, 5.9, 5.9], "texture": "#0"}
			}
		},
		{
			"from": [7.42785, 3.3636, -0.65272],
			"to": [10.57215, 4.1868, 0.6644],
			"rotation": {"angle": 0, "axis": "y", "origin": [9, 10.5, 7.25]},
			"faces": {
				"north": {"uv": [5.1, 5.1, 5.9, 5.9], "rotation": 270, "texture": "#0"},
				"south": {"uv": [5.1, 5.1, 5.9, 5.9], "rotation": 270, "texture": "#0"},
				"up": {"uv": [5.1, 5.1, 5.9, 5.9], "rotation": 270, "texture": "#0"},
				"down": {"uv": [5.1, 5.1, 5.9, 5.9], "rotation": 270, "texture": "#0"}
			}
		},
		{
			"from": [7.42785, 3.3636, -0.65272],
			"to": [10.57215, 4.1868, 0.6644],
			"rotation": {"angle": 45, "axis": "y", "origin": [9, 11.26632, 7.25]},
			"faces": {
				"north": {"uv": [5.1, 5.1, 5.9, 5.9], "rotation": 270, "texture": "#0"},
				"south": {"uv": [5.1, 5.1, 5.9, 5.9], "rotation": 270, "texture": "#0"},
				"up": {"uv": [5.1, 5.1, 5.9, 5.9], "rotation": 270, "texture": "#0"},
				"down": {"uv": [5.1, 5.1, 5.9, 5.9], "rotation": 270, "texture": "#0"}
			}
		},
		{
			"from": [7.42785, 3.3636, -0.65272],
			"to": [10.57215, 4.1868, 0.6644],
			"rotation": {"angle": -22.5, "axis": "y", "origin": [9, 11.26632, 7.25]},
			"faces": {
				"north": {"uv": [5.1, 5.1, 5.9, 5.9], "rotation": 270, "texture": "#0"},
				"south": {"uv": [5.1, 5.1, 5.9, 5.9], "rotation": 270, "texture": "#0"},
				"up": {"uv": [5.1, 5.1, 5.9, 5.9], "rotation": 90, "texture": "#0"},
				"down": {"uv": [5.1, 5.1, 5.9, 5.9], "rotation": 90, "texture": "#0"}
			}
		},
		{
			"from": [1.09728, 3.3636, 5.67785],
			"to": [2.4144, 4.1868, 8.82215],
			"rotation": {"angle": 0, "axis": "y", "origin": [9, 10.5, 7.25]},
			"faces": {
				"east": {"uv": [5.1, 5.1, 5.9, 5.9], "rotation": 270, "texture": "#0"},
				"west": {"uv": [5.1, 5.1, 5.9, 5.9], "rotation": 270, "texture": "#0"},
				"up": {"uv": [5.1, 5.1, 5.9, 5.9], "rotation": 180, "texture": "#0"},
				"down": {"uv": [5.1, 5.1, 5.9, 5.9], "texture": "#0"}
			}
		},
		{
			"from": [1.09728, 3.3636, 5.67785],
			"to": [2.4144, 4.1868, 8.82215],
			"rotation": {"angle": 22.5, "axis": "y", "origin": [9, 11.26632, 7.25]},
			"faces": {
				"east": {"uv": [5.1, 5.1, 5.9, 5.9], "rotation": 270, "texture": "#0"},
				"west": {"uv": [5.1, 5.1, 5.9, 5.9], "rotation": 270, "texture": "#0"},
				"up": {"uv": [5.1, 5.1, 5.9, 5.9], "rotation": 180, "texture": "#0"},
				"down": {"uv": [5.1, 5.1, 5.9, 5.9], "texture": "#0"}
			}
		},
		{
			"from": [1.09728, 3.3636, 5.67785],
			"to": [2.4144, 4.1868, 8.82215],
			"rotation": {"angle": 45, "axis": "y", "origin": [9, 11.26632, 7.25]},
			"faces": {
				"east": {"uv": [5.1, 5.1, 5.9, 5.9], "rotation": 270, "texture": "#0"},
				"west": {"uv": [5.1, 5.1, 5.9, 5.9], "rotation": 270, "texture": "#0"},
				"up": {"uv": [5.1, 5.1, 5.9, 5.9], "rotation": 180, "texture": "#0"},
				"down": {"uv": [5.1, 5.1, 5.9, 5.9], "texture": "#0"}
			}
		},
		{
			"from": [1.09728, 3.3636, 5.67785],
			"to": [2.4144, 4.1868, 8.82215],
			"rotation": {"angle": -22.5, "axis": "y", "origin": [9, 11.26632, 7.25]},
			"faces": {
				"east": {"uv": [5.1, 5.1, 5.9, 5.9], "rotation": 270, "texture": "#0"},
				"west": {"uv": [5.1, 5.1, 5.9, 5.9], "rotation": 270, "texture": "#0"},
				"up": {"uv": [5.1, 5.1, 5.9, 5.9], "texture": "#0"},
				"down": {"uv": [5.1, 5.1, 5.9, 5.9], "rotation": 180, "texture": "#0"}
			}
		},
		{
			"from": [7.42785, 3.3636, 13.8356],
			"to": [10.57215, 4.1868, 15.15272],
			"rotation": {"angle": 0, "axis": "y", "origin": [9, 10.5, 7.25]},
			"faces": {
				"north": {"uv": [5.1, 5.1, 5.9, 5.9], "rotation": 270, "texture": "#0"},
				"south": {"uv": [5.1, 5.1, 5.9, 5.9], "rotation": 270, "texture": "#0"},
				"up": {"uv": [5.1, 5.1, 5.9, 5.9], "rotation": 90, "texture": "#0"},
				"down": {"uv": [5.1, 5.1, 5.9, 5.9], "rotation": 90, "texture": "#0"}
			}
		},
		{
			"from": [7.42785, 3.3636, 13.8356],
			"to": [10.57215, 4.1868, 15.15272],
			"rotation": {"angle": 22.5, "axis": "y", "origin": [9, 11.26632, 7.25]},
			"faces": {
				"north": {"uv": [5.1, 5.1, 5.9, 5.9], "rotation": 270, "texture": "#0"},
				"south": {"uv": [5.1, 5.1, 5.9, 5.9], "rotation": 270, "texture": "#0"},
				"up": {"uv": [5.1, 5.1, 5.9, 5.9], "rotation": 90, "texture": "#0"},
				"down": {"uv": [5.1, 5.1, 5.9, 5.9], "rotation": 90, "texture": "#0"}
			}
		},
		{
			"from": [7.42785, 3.3636, 13.8356],
			"to": [10.57215, 4.1868, 15.15272],
			"rotation": {"angle": 45, "axis": "y", "origin": [9, 11.26632, 7.25]},
			"faces": {
				"north": {"uv": [5.1, 5.1, 5.9, 5.9], "rotation": 270, "texture": "#0"},
				"south": {"uv": [5.1, 5.1, 5.9, 5.9], "rotation": 270, "texture": "#0"},
				"up": {"uv": [5.1, 5.1, 5.9, 5.9], "rotation": 90, "texture": "#0"},
				"down": {"uv": [5.1, 5.1, 5.9, 5.9], "rotation": 90, "texture": "#0"}
			}
		},
		{
			"from": [7.42785, 3.3636, 13.8356],
			"to": [10.57215, 4.1868, 15.15272],
			"rotation": {"angle": -22.5, "axis": "y", "origin": [9, 11.26632, 7.25]},
			"faces": {
				"north": {"uv": [5.1, 5.1, 5.9, 5.9], "rotation": 270, "texture": "#0"},
				"south": {"uv": [5.1, 5.1, 5.9, 5.9], "rotation": 270, "texture": "#0"},
				"up": {"uv": [5.1, 5.1, 5.9, 5.9], "rotation": 270, "texture": "#0"},
				"down": {"uv": [5.1, 5.1, 5.9, 5.9], "rotation": 270, "texture": "#0"}
			}
		},
		{
			"from": [7.42785, 4.6136, -0.65272],
			"to": [10.57215, 5.4368, 0.6644],
			"rotation": {"angle": 22.5, "axis": "y", "origin": [9, 12.51632, 7.25]},
			"faces": {
				"north": {"uv": [5.1, 5.1, 5.9, 5.9], "rotation": 270, "texture": "#0"},
				"south": {"uv": [5.1, 5.1, 5.9, 5.9], "rotation": 270, "texture": "#0"},
				"up": {"uv": [5.1, 5.1, 5.9, 5.9], "rotation": 270, "texture": "#0"},
				"down": {"uv": [5.1, 5.1, 5.9, 5.9], "rotation": 270, "texture": "#0"}
			}
		},
		{
			"from": [7.68988, 3.7904, 0.6644],
			"to": [10.31012, 4.6136, 13.8356],
			"rotation": {"angle": 0, "axis": "y", "origin": [9, 11.75, 7.25]},
			"faces": {
				"north": {"uv": [5.1, 5.1, 5.9, 5.9], "rotation": 270, "texture": "#0"},
				"south": {"uv": [5.1, 5.1, 5.9, 5.9], "rotation": 270, "texture": "#0"},
				"up": {"uv": [5.1, 5.1, 5.9, 5.9], "rotation": 270, "texture": "#0"},
				"down": {"uv": [5.1, 5.1, 5.9, 5.9], "rotation": 270, "texture": "#0"}
			}
		},
		{
			"from": [7.68988, 3.7904, 0.6644],
			"to": [10.31012, 4.6136, 13.8356],
			"rotation": {"angle": 22.5, "axis": "y", "origin": [9, 10.376, 7.25]},
			"faces": {
				"north": {"uv": [5.1, 5.1, 5.9, 5.9], "rotation": 270, "texture": "#0"},
				"south": {"uv": [5.1, 5.1, 5.9, 5.9], "rotation": 270, "texture": "#0"},
				"up": {"uv": [5.1, 5.1, 5.9, 5.9], "rotation": 270, "texture": "#0"},
				"down": {"uv": [5.1, 5.1, 5.9, 5.9], "rotation": 270, "texture": "#0"}
			}
		},
		{
			"from": [7.68988, 3.7904, 0.6644],
			"to": [10.31012, 4.6136, 13.8356],
			"rotation": {"angle": 45, "axis": "y", "origin": [9, 10.376, 7.25]},
			"faces": {
				"north": {"uv": [5.1, 5.1, 5.9, 5.9], "rotation": 270, "texture": "#0"},
				"south": {"uv": [5.1, 5.1, 5.9, 5.9], "rotation": 270, "texture": "#0"},
				"up": {"uv": [5.1, 5.1, 5.9, 5.9], "rotation": 270, "texture": "#0"},
				"down": {"uv": [5.1, 5.1, 5.9, 5.9], "rotation": 270, "texture": "#0"}
			}
		},
		{
			"from": [2.4144, 3.7904, 5.93988],
			"to": [15.5856, 4.6136, 8.56012],
			"rotation": {"angle": -22.5, "axis": "y", "origin": [9, 10.376, 7.25]},
			"faces": {
				"east": {"uv": [5.1, 5.1, 5.9, 5.9], "rotation": 270, "texture": "#0"},
				"west": {"uv": [5.1, 5.1, 5.9, 5.9], "rotation": 270, "texture": "#0"},
				"up": {"uv": [5.1, 5.1, 5.9, 5.9], "rotation": 180, "texture": "#0"},
				"down": {"uv": [5.1, 5.1, 5.9, 5.9], "texture": "#0"}
			}
		},
		{
			"from": [2.4144, 3.7904, 5.93988],
			"to": [15.5856, 4.6136, 8.56012],
			"rotation": {"angle": 0, "axis": "y", "origin": [9, 10.376, 7.25]},
			"faces": {
				"east": {"uv": [5.1, 5.1, 5.9, 5.9], "rotation": 270, "texture": "#0"},
				"west": {"uv": [5.1, 5.1, 5.9, 5.9], "rotation": 270, "texture": "#0"},
				"up": {"uv": [5.1, 5.1, 5.9, 5.9], "rotation": 180, "texture": "#0"},
				"down": {"uv": [5.1, 5.1, 5.9, 5.9], "texture": "#0"}
			}
		},
		{
			"from": [2.4144, 3.7904, 5.93988],
			"to": [15.5856, 4.6136, 8.56012],
			"rotation": {"angle": 22.5, "axis": "y", "origin": [9, 10.376, 7.25]},
			"faces": {
				"east": {"uv": [5.1, 5.1, 5.9, 5.9], "rotation": 270, "texture": "#0"},
				"west": {"uv": [5.1, 5.1, 5.9, 5.9], "rotation": 270, "texture": "#0"},
				"up": {"uv": [5.1, 5.1, 5.9, 5.9], "rotation": 180, "texture": "#0"},
				"down": {"uv": [5.1, 5.1, 5.9, 5.9], "texture": "#0"}
			}
		},
		{
			"from": [2.4144, 3.7904, 5.93988],
			"to": [15.5856, 4.6136, 8.56012],
			"rotation": {"angle": 45, "axis": "y", "origin": [9, 10.376, 7.25]},
			"faces": {
				"east": {"uv": [5.1, 5.1, 5.9, 5.9], "rotation": 270, "texture": "#0"},
				"west": {"uv": [5.1, 5.1, 5.9, 5.9], "rotation": 270, "texture": "#0"},
				"up": {"uv": [5.1, 5.1, 5.9, 5.9], "rotation": 180, "texture": "#0"},
				"down": {"uv": [5.1, 5.1, 5.9, 5.9], "texture": "#0"}
			}
		},
		{
			"from": [7.68988, 3.7904, 0.6644],
			"to": [10.31012, 4.6136, 13.8356],
			"rotation": {"angle": -22.5, "axis": "y", "origin": [9, 10.376, 7.25]},
			"faces": {
				"north": {"uv": [5.1, 5.1, 5.9, 5.9], "rotation": 270, "texture": "#0"},
				"south": {"uv": [5.1, 5.1, 5.9, 5.9], "rotation": 270, "texture": "#0"},
				"up": {"uv": [5.1, 5.1, 5.9, 5.9], "rotation": 90, "texture": "#0"},
				"down": {"uv": [5.1, 5.1, 5.9, 5.9], "rotation": 90, "texture": "#0"}
			}
		},
		{
			"from": [15.5856, 4.6136, 5.67785],
			"to": [16.90272, 5.4368, 8.82215],
			"rotation": {"angle": 0, "axis": "y", "origin": [9, 11.75, 7.25]},
			"faces": {
				"east": {"uv": [5.1, 5.1, 5.9, 5.9], "rotation": 270, "texture": "#0"},
				"west": {"uv": [5.1, 5.1, 5.9, 5.9], "rotation": 270, "texture": "#0"},
				"up": {"uv": [5.1, 5.1, 5.9, 5.9], "texture": "#0"},
				"down": {"uv": [5.1, 5.1, 5.9, 5.9], "rotation": 180, "texture": "#0"}
			}
		},
		{
			"from": [15.5856, 4.6136, 5.67785],
			"to": [16.90272, 5.4368, 8.82215],
			"rotation": {"angle": 22.5, "axis": "y", "origin": [9, 12.51632, 7.25]},
			"faces": {
				"east": {"uv": [5.1, 5.1, 5.9, 5.9], "rotation": 270, "texture": "#0"},
				"west": {"uv": [5.1, 5.1, 5.9, 5.9], "rotation": 270, "texture": "#0"},
				"up": {"uv": [5.1, 5.1, 5.9, 5.9], "texture": "#0"},
				"down": {"uv": [5.1, 5.1, 5.9, 5.9], "rotation": 180, "texture": "#0"}
			}
		},
		{
			"from": [15.5856, 4.6136, 5.67785],
			"to": [16.90272, 5.4368, 8.82215],
			"rotation": {"angle": 45, "axis": "y", "origin": [9, 12.51632, 7.25]},
			"faces": {
				"east": {"uv": [5.1, 5.1, 5.9, 5.9], "rotation": 270, "texture": "#0"},
				"west": {"uv": [5.1, 5.1, 5.9, 5.9], "rotation": 270, "texture": "#0"},
				"up": {"uv": [5.1, 5.1, 5.9, 5.9], "texture": "#0"},
				"down": {"uv": [5.1, 5.1, 5.9, 5.9], "rotation": 180, "texture": "#0"}
			}
		},
		{
			"from": [15.5856, 4.6136, 5.67785],
			"to": [16.90272, 5.4368, 8.82215],
			"rotation": {"angle": -22.5, "axis": "y", "origin": [9, 12.51632, 7.25]},
			"faces": {
				"east": {"uv": [5.1, 5.1, 5.9, 5.9], "rotation": 270, "texture": "#0"},
				"west": {"uv": [5.1, 5.1, 5.9, 5.9], "rotation": 270, "texture": "#0"},
				"up": {"uv": [5.1, 5.1, 5.9, 5.9], "rotation": 180, "texture": "#0"},
				"down": {"uv": [5.1, 5.1, 5.9, 5.9], "texture": "#0"}
			}
		},
		{
			"from": [7.42785, 4.6136, -0.65272],
			"to": [10.57215, 5.4368, 0.6644],
			"rotation": {"angle": 0, "axis": "y", "origin": [9, 11.75, 7.25]},
			"faces": {
				"north": {"uv": [5.1, 5.1, 5.9, 5.9], "rotation": 270, "texture": "#0"},
				"south": {"uv": [5.1, 5.1, 5.9, 5.9], "rotation": 270, "texture": "#0"},
				"up": {"uv": [5.1, 5.1, 5.9, 5.9], "rotation": 270, "texture": "#0"},
				"down": {"uv": [5.1, 5.1, 5.9, 5.9], "rotation": 270, "texture": "#0"}
			}
		},
		{
			"from": [7.42785, 4.6136, -0.65272],
			"to": [10.57215, 5.4368, 0.6644],
			"rotation": {"angle": 45, "axis": "y", "origin": [9, 12.51632, 7.25]},
			"faces": {
				"north": {"uv": [5.1, 5.1, 5.9, 5.9], "rotation": 270, "texture": "#0"},
				"south": {"uv": [5.1, 5.1, 5.9, 5.9], "rotation": 270, "texture": "#0"},
				"up": {"uv": [5.1, 5.1, 5.9, 5.9], "rotation": 270, "texture": "#0"},
				"down": {"uv": [5.1, 5.1, 5.9, 5.9], "rotation": 270, "texture": "#0"}
			}
		},
		{
			"from": [7.42785, 4.6136, -0.65272],
			"to": [10.57215, 5.4368, 0.6644],
			"rotation": {"angle": -22.5, "axis": "y", "origin": [9, 12.51632, 7.25]},
			"faces": {
				"north": {"uv": [5.1, 5.1, 5.9, 5.9], "rotation": 270, "texture": "#0"},
				"south": {"uv": [5.1, 5.1, 5.9, 5.9], "rotation": 270, "texture": "#0"},
				"up": {"uv": [5.1, 5.1, 5.9, 5.9], "rotation": 90, "texture": "#0"},
				"down": {"uv": [5.1, 5.1, 5.9, 5.9], "rotation": 90, "texture": "#0"}
			}
		},
		{
			"from": [1.09728, 4.6136, 5.67785],
			"to": [2.4144, 5.4368, 8.82215],
			"rotation": {"angle": 0, "axis": "y", "origin": [9, 11.75, 7.25]},
			"faces": {
				"east": {"uv": [5.1, 5.1, 5.9, 5.9], "rotation": 270, "texture": "#0"},
				"west": {"uv": [5.1, 5.1, 5.9, 5.9], "rotation": 270, "texture": "#0"},
				"up": {"uv": [5.1, 5.1, 5.9, 5.9], "rotation": 180, "texture": "#0"},
				"down": {"uv": [5.1, 5.1, 5.9, 5.9], "texture": "#0"}
			}
		},
		{
			"from": [1.09728, 4.6136, 5.67785],
			"to": [2.4144, 5.4368, 8.82215],
			"rotation": {"angle": 22.5, "axis": "y", "origin": [9, 12.51632, 7.25]},
			"faces": {
				"east": {"uv": [5.1, 5.1, 5.9, 5.9], "rotation": 270, "texture": "#0"},
				"west": {"uv": [5.1, 5.1, 5.9, 5.9], "rotation": 270, "texture": "#0"},
				"up": {"uv": [5.1, 5.1, 5.9, 5.9], "rotation": 180, "texture": "#0"},
				"down": {"uv": [5.1, 5.1, 5.9, 5.9], "texture": "#0"}
			}
		},
		{
			"from": [1.09728, 4.6136, 5.67785],
			"to": [2.4144, 5.4368, 8.82215],
			"rotation": {"angle": 45, "axis": "y", "origin": [9, 12.51632, 7.25]},
			"faces": {
				"east": {"uv": [5.1, 5.1, 5.9, 5.9], "rotation": 270, "texture": "#0"},
				"west": {"uv": [5.1, 5.1, 5.9, 5.9], "rotation": 270, "texture": "#0"},
				"up": {"uv": [5.1, 5.1, 5.9, 5.9], "rotation": 180, "texture": "#0"},
				"down": {"uv": [5.1, 5.1, 5.9, 5.9], "texture": "#0"}
			}
		},
		{
			"from": [1.09728, 4.6136, 5.67785],
			"to": [2.4144, 5.4368, 8.82215],
			"rotation": {"angle": -22.5, "axis": "y", "origin": [9, 12.51632, 7.25]},
			"faces": {
				"east": {"uv": [5.1, 5.1, 5.9, 5.9], "rotation": 270, "texture": "#0"},
				"west": {"uv": [5.1, 5.1, 5.9, 5.9], "rotation": 270, "texture": "#0"},
				"up": {"uv": [5.1, 5.1, 5.9, 5.9], "texture": "#0"},
				"down": {"uv": [5.1, 5.1, 5.9, 5.9], "rotation": 180, "texture": "#0"}
			}
		},
		{
			"from": [7.42785, 4.6136, 13.8356],
			"to": [10.57215, 5.4368, 15.15272],
			"rotation": {"angle": 0, "axis": "y", "origin": [9, 11.75, 7.25]},
			"faces": {
				"north": {"uv": [5.1, 5.1, 5.9, 5.9], "rotation": 270, "texture": "#0"},
				"south": {"uv": [5.1, 5.1, 5.9, 5.9], "rotation": 270, "texture": "#0"},
				"up": {"uv": [5.1, 5.1, 5.9, 5.9], "rotation": 90, "texture": "#0"},
				"down": {"uv": [5.1, 5.1, 5.9, 5.9], "rotation": 90, "texture": "#0"}
			}
		},
		{
			"from": [7.42785, 4.6136, 13.8356],
			"to": [10.57215, 5.4368, 15.15272],
			"rotation": {"angle": 22.5, "axis": "y", "origin": [9, 12.51632, 7.25]},
			"faces": {
				"north": {"uv": [5.1, 5.1, 5.9, 5.9], "rotation": 270, "texture": "#0"},
				"south": {"uv": [5.1, 5.1, 5.9, 5.9], "rotation": 270, "texture": "#0"},
				"up": {"uv": [5.1, 5.1, 5.9, 5.9], "rotation": 90, "texture": "#0"},
				"down": {"uv": [5.1, 5.1, 5.9, 5.9], "rotation": 90, "texture": "#0"}
			}
		},
		{
			"from": [7.42785, 4.6136, 13.8356],
			"to": [10.57215, 5.4368, 15.15272],
			"rotation": {"angle": 45, "axis": "y", "origin": [9, 12.51632, 7.25]},
			"faces": {
				"north": {"uv": [5.1, 5.1, 5.9, 5.9], "rotation": 270, "texture": "#0"},
				"south": {"uv": [5.1, 5.1, 5.9, 5.9], "rotation": 270, "texture": "#0"},
				"up": {"uv": [5.1, 5.1, 5.9, 5.9], "rotation": 90, "texture": "#0"},
				"down": {"uv": [5.1, 5.1, 5.9, 5.9], "rotation": 90, "texture": "#0"}
			}
		},
		{
			"from": [7.42785, 4.6136, 13.8356],
			"to": [10.57215, 5.4368, 15.15272],
			"rotation": {"angle": -22.5, "axis": "y", "origin": [9, 12.51632, 7.25]},
			"faces": {
				"north": {"uv": [5.1, 5.1, 5.9, 5.9], "rotation": 270, "texture": "#0"},
				"south": {"uv": [5.1, 5.1, 5.9, 5.9], "rotation": 270, "texture": "#0"},
				"up": {"uv": [5.1, 5.1, 5.9, 5.9], "rotation": 270, "texture": "#0"},
				"down": {"uv": [5.1, 5.1, 5.9, 5.9], "rotation": 270, "texture": "#0"}
			}
		},
		{
			"from": [5.42785, 6.1136, -0.65272],
			"to": [8.57215, 6.9368, 0.6644],
			"rotation": {"angle": 22.5, "axis": "y", "origin": [7, 14.01632, 7.25]},
			"faces": {
				"north": {"uv": [5.1, 5.1, 5.9, 5.9], "rotation": 270, "texture": "#0"},
				"south": {"uv": [5.1, 5.1, 5.9, 5.9], "rotation": 270, "texture": "#0"},
				"up": {"uv": [5.1, 5.1, 5.9, 5.9], "rotation": 270, "texture": "#0"},
				"down": {"uv": [5.1, 5.1, 5.9, 5.9], "rotation": 270, "texture": "#0"}
			}
		},
		{
			"from": [5.68988, 5.2904, 0.6644],
			"to": [8.31012, 6.1136, 13.8356],
			"rotation": {"angle": 0, "axis": "y", "origin": [7, 13.25, 7.25]},
			"faces": {
				"north": {"uv": [5.1, 5.1, 5.9, 5.9], "rotation": 270, "texture": "#0"},
				"south": {"uv": [5.1, 5.1, 5.9, 5.9], "rotation": 270, "texture": "#0"},
				"up": {"uv": [5.1, 5.1, 5.9, 5.9], "rotation": 270, "texture": "#0"},
				"down": {"uv": [5.1, 5.1, 5.9, 5.9], "rotation": 270, "texture": "#0"}
			}
		},
		{
			"from": [5.68988, 5.2904, 0.6644],
			"to": [8.31012, 6.1136, 13.8356],
			"rotation": {"angle": 22.5, "axis": "y", "origin": [7, 11.876, 7.25]},
			"faces": {
				"north": {"uv": [5.1, 5.1, 5.9, 5.9], "rotation": 270, "texture": "#0"},
				"south": {"uv": [5.1, 5.1, 5.9, 5.9], "rotation": 270, "texture": "#0"},
				"up": {"uv": [5.1, 5.1, 5.9, 5.9], "rotation": 270, "texture": "#0"},
				"down": {"uv": [5.1, 5.1, 5.9, 5.9], "rotation": 270, "texture": "#0"}
			}
		},
		{
			"from": [5.68988, 5.2904, 0.6644],
			"to": [8.31012, 6.1136, 13.8356],
			"rotation": {"angle": 45, "axis": "y", "origin": [7, 11.876, 7.25]},
			"faces": {
				"north": {"uv": [5.1, 5.1, 5.9, 5.9], "rotation": 270, "texture": "#0"},
				"south": {"uv": [5.1, 5.1, 5.9, 5.9], "rotation": 270, "texture": "#0"},
				"up": {"uv": [5.1, 5.1, 5.9, 5.9], "rotation": 270, "texture": "#0"},
				"down": {"uv": [5.1, 5.1, 5.9, 5.9], "rotation": 270, "texture": "#0"}
			}
		},
		{
			"from": [0.4144, 5.2904, 5.93988],
			"to": [13.5856, 6.1136, 8.56012],
			"rotation": {"angle": -22.5, "axis": "y", "origin": [7, 11.876, 7.25]},
			"faces": {
				"east": {"uv": [5.1, 5.1, 5.9, 5.9], "rotation": 270, "texture": "#0"},
				"west": {"uv": [5.1, 5.1, 5.9, 5.9], "rotation": 270, "texture": "#0"},
				"up": {"uv": [5.1, 5.1, 5.9, 5.9], "rotation": 180, "texture": "#0"},
				"down": {"uv": [5.1, 5.1, 5.9, 5.9], "texture": "#0"}
			}
		},
		{
			"from": [0.4144, 5.2904, 5.93988],
			"to": [13.5856, 6.1136, 8.56012],
			"rotation": {"angle": 0, "axis": "y", "origin": [7, 11.876, 7.25]},
			"faces": {
				"east": {"uv": [5.1, 5.1, 5.9, 5.9], "rotation": 270, "texture": "#0"},
				"west": {"uv": [5.1, 5.1, 5.9, 5.9], "rotation": 270, "texture": "#0"},
				"up": {"uv": [5.1, 5.1, 5.9, 5.9], "rotation": 180, "texture": "#0"},
				"down": {"uv": [5.1, 5.1, 5.9, 5.9], "texture": "#0"}
			}
		},
		{
			"from": [0.4144, 5.2904, 5.93988],
			"to": [13.5856, 6.1136, 8.56012],
			"rotation": {"angle": 22.5, "axis": "y", "origin": [7, 11.876, 7.25]},
			"faces": {
				"east": {"uv": [5.1, 5.1, 5.9, 5.9], "rotation": 270, "texture": "#0"},
				"west": {"uv": [5.1, 5.1, 5.9, 5.9], "rotation": 270, "texture": "#0"},
				"up": {"uv": [5.1, 5.1, 5.9, 5.9], "rotation": 180, "texture": "#0"},
				"down": {"uv": [5.1, 5.1, 5.9, 5.9], "texture": "#0"}
			}
		},
		{
			"from": [0.4144, 5.2904, 5.93988],
			"to": [13.5856, 6.1136, 8.56012],
			"rotation": {"angle": 45, "axis": "y", "origin": [7, 11.876, 7.25]},
			"faces": {
				"east": {"uv": [5.1, 5.1, 5.9, 5.9], "rotation": 270, "texture": "#0"},
				"west": {"uv": [5.1, 5.1, 5.9, 5.9], "rotation": 270, "texture": "#0"},
				"up": {"uv": [5.1, 5.1, 5.9, 5.9], "rotation": 180, "texture": "#0"},
				"down": {"uv": [5.1, 5.1, 5.9, 5.9], "texture": "#0"}
			}
		},
		{
			"from": [5.68988, 5.2904, 0.6644],
			"to": [8.31012, 6.1136, 13.8356],
			"rotation": {"angle": -22.5, "axis": "y", "origin": [7, 11.876, 7.25]},
			"faces": {
				"north": {"uv": [5.1, 5.1, 5.9, 5.9], "rotation": 270, "texture": "#0"},
				"south": {"uv": [5.1, 5.1, 5.9, 5.9], "rotation": 270, "texture": "#0"},
				"up": {"uv": [5.1, 5.1, 5.9, 5.9], "rotation": 90, "texture": "#0"},
				"down": {"uv": [5.1, 5.1, 5.9, 5.9], "rotation": 90, "texture": "#0"}
			}
		},
		{
			"from": [13.5856, 6.1136, 5.67785],
			"to": [14.90272, 6.9368, 8.82215],
			"rotation": {"angle": 0, "axis": "y", "origin": [7, 13.25, 7.25]},
			"faces": {
				"east": {"uv": [5.1, 5.1, 5.9, 5.9], "rotation": 270, "texture": "#0"},
				"west": {"uv": [5.1, 5.1, 5.9, 5.9], "rotation": 270, "texture": "#0"},
				"up": {"uv": [5.1, 5.1, 5.9, 5.9], "texture": "#0"},
				"down": {"uv": [5.1, 5.1, 5.9, 5.9], "rotation": 180, "texture": "#0"}
			}
		},
		{
			"from": [13.5856, 6.1136, 5.67785],
			"to": [14.90272, 6.9368, 8.82215],
			"rotation": {"angle": 22.5, "axis": "y", "origin": [7, 14.01632, 7.25]},
			"faces": {
				"east": {"uv": [5.1, 5.1, 5.9, 5.9], "rotation": 270, "texture": "#0"},
				"west": {"uv": [5.1, 5.1, 5.9, 5.9], "rotation": 270, "texture": "#0"},
				"up": {"uv": [5.1, 5.1, 5.9, 5.9], "texture": "#0"},
				"down": {"uv": [5.1, 5.1, 5.9, 5.9], "rotation": 180, "texture": "#0"}
			}
		},
		{
			"from": [13.5856, 6.1136, 5.67785],
			"to": [14.90272, 6.9368, 8.82215],
			"rotation": {"angle": 45, "axis": "y", "origin": [7, 14.01632, 7.25]},
			"faces": {
				"east": {"uv": [5.1, 5.1, 5.9, 5.9], "rotation": 270, "texture": "#0"},
				"west": {"uv": [5.1, 5.1, 5.9, 5.9], "rotation": 270, "texture": "#0"},
				"up": {"uv": [5.1, 5.1, 5.9, 5.9], "texture": "#0"},
				"down": {"uv": [5.1, 5.1, 5.9, 5.9], "rotation": 180, "texture": "#0"}
			}
		},
		{
			"from": [13.5856, 6.1136, 5.67785],
			"to": [14.90272, 6.9368, 8.82215],
			"rotation": {"angle": -22.5, "axis": "y", "origin": [7, 14.01632, 7.25]},
			"faces": {
				"east": {"uv": [5.1, 5.1, 5.9, 5.9], "rotation": 270, "texture": "#0"},
				"west": {"uv": [5.1, 5.1, 5.9, 5.9], "rotation": 270, "texture": "#0"},
				"up": {"uv": [5.1, 5.1, 5.9, 5.9], "rotation": 180, "texture": "#0"},
				"down": {"uv": [5.1, 5.1, 5.9, 5.9], "texture": "#0"}
			}
		},
		{
			"from": [5.42785, 6.1136, -0.65272],
			"to": [8.57215, 6.9368, 0.6644],
			"rotation": {"angle": 0, "axis": "y", "origin": [7, 13.25, 7.25]},
			"faces": {
				"north": {"uv": [5.1, 5.1, 5.9, 5.9], "rotation": 270, "texture": "#0"},
				"south": {"uv": [5.1, 5.1, 5.9, 5.9], "rotation": 270, "texture": "#0"},
				"up": {"uv": [5.1, 5.1, 5.9, 5.9], "rotation": 270, "texture": "#0"},
				"down": {"uv": [5.1, 5.1, 5.9, 5.9], "rotation": 270, "texture": "#0"}
			}
		},
		{
			"from": [5.42785, 6.1136, -0.65272],
			"to": [8.57215, 6.9368, 0.6644],
			"rotation": {"angle": 45, "axis": "y", "origin": [7, 14.01632, 7.25]},
			"faces": {
				"north": {"uv": [5.1, 5.1, 5.9, 5.9], "rotation": 270, "texture": "#0"},
				"south": {"uv": [5.1, 5.1, 5.9, 5.9], "rotation": 270, "texture": "#0"},
				"up": {"uv": [5.1, 5.1, 5.9, 5.9], "rotation": 270, "texture": "#0"},
				"down": {"uv": [5.1, 5.1, 5.9, 5.9], "rotation": 270, "texture": "#0"}
			}
		},
		{
			"from": [5.42785, 6.1136, -0.65272],
			"to": [8.57215, 6.9368, 0.6644],
			"rotation": {"angle": -22.5, "axis": "y", "origin": [7, 14.01632, 7.25]},
			"faces": {
				"north": {"uv": [5.1, 5.1, 5.9, 5.9], "rotation": 270, "texture": "#0"},
				"south": {"uv": [5.1, 5.1, 5.9, 5.9], "rotation": 270, "texture": "#0"},
				"up": {"uv": [5.1, 5.1, 5.9, 5.9], "rotation": 90, "texture": "#0"},
				"down": {"uv": [5.1, 5.1, 5.9, 5.9], "rotation": 90, "texture": "#0"}
			}
		},
		{
			"from": [-0.90272, 6.1136, 5.67785],
			"to": [0.4144, 6.9368, 8.82215],
			"rotation": {"angle": 0, "axis": "y", "origin": [7, 13.25, 7.25]},
			"faces": {
				"east": {"uv": [5.1, 5.1, 5.9, 5.9], "rotation": 270, "texture": "#0"},
				"west": {"uv": [5.1, 5.1, 5.9, 5.9], "rotation": 270, "texture": "#0"},
				"up": {"uv": [5.1, 5.1, 5.9, 5.9], "rotation": 180, "texture": "#0"},
				"down": {"uv": [5.1, 5.1, 5.9, 5.9], "texture": "#0"}
			}
		},
		{
			"from": [-0.90272, 6.1136, 5.67785],
			"to": [0.4144, 6.9368, 8.82215],
			"rotation": {"angle": 22.5, "axis": "y", "origin": [7, 14.01632, 7.25]},
			"faces": {
				"east": {"uv": [5.1, 5.1, 5.9, 5.9], "rotation": 270, "texture": "#0"},
				"west": {"uv": [5.1, 5.1, 5.9, 5.9], "rotation": 270, "texture": "#0"},
				"up": {"uv": [5.1, 5.1, 5.9, 5.9], "rotation": 180, "texture": "#0"},
				"down": {"uv": [5.1, 5.1, 5.9, 5.9], "texture": "#0"}
			}
		},
		{
			"from": [-0.90272, 6.1136, 5.67785],
			"to": [0.4144, 6.9368, 8.82215],
			"rotation": {"angle": 45, "axis": "y", "origin": [7, 14.01632, 7.25]},
			"faces": {
				"east": {"uv": [5.1, 5.1, 5.9, 5.9], "rotation": 270, "texture": "#0"},
				"west": {"uv": [5.1, 5.1, 5.9, 5.9], "rotation": 270, "texture": "#0"},
				"up": {"uv": [5.1, 5.1, 5.9, 5.9], "rotation": 180, "texture": "#0"},
				"down": {"uv": [5.1, 5.1, 5.9, 5.9], "texture": "#0"}
			}
		},
		{
			"from": [-0.90272, 6.1136, 5.67785],
			"to": [0.4144, 6.9368, 8.82215],
			"rotation": {"angle": -22.5, "axis": "y", "origin": [7, 14.01632, 7.25]},
			"faces": {
				"east": {"uv": [5.1, 5.1, 5.9, 5.9], "rotation": 270, "texture": "#0"},
				"west": {"uv": [5.1, 5.1, 5.9, 5.9], "rotation": 270, "texture": "#0"},
				"up": {"uv": [5.1, 5.1, 5.9, 5.9], "texture": "#0"},
				"down": {"uv": [5.1, 5.1, 5.9, 5.9], "rotation": 180, "texture": "#0"}
			}
		},
		{
			"from": [5.42785, 6.1136, 13.8356],
			"to": [8.57215, 6.9368, 15.15272],
			"rotation": {"angle": 0, "axis": "y", "origin": [7, 13.25, 7.25]},
			"faces": {
				"north": {"uv": [5.1, 5.1, 5.9, 5.9], "rotation": 270, "texture": "#0"},
				"south": {"uv": [5.1, 5.1, 5.9, 5.9], "rotation": 270, "texture": "#0"},
				"up": {"uv": [5.1, 5.1, 5.9, 5.9], "rotation": 90, "texture": "#0"},
				"down": {"uv": [5.1, 5.1, 5.9, 5.9], "rotation": 90, "texture": "#0"}
			}
		},
		{
			"from": [5.42785, 6.1136, 13.8356],
			"to": [8.57215, 6.9368, 15.15272],
			"rotation": {"angle": 22.5, "axis": "y", "origin": [7, 14.01632, 7.25]},
			"faces": {
				"north": {"uv": [5.1, 5.1, 5.9, 5.9], "rotation": 270, "texture": "#0"},
				"south": {"uv": [5.1, 5.1, 5.9, 5.9], "rotation": 270, "texture": "#0"},
				"up": {"uv": [5.1, 5.1, 5.9, 5.9], "rotation": 90, "texture": "#0"},
				"down": {"uv": [5.1, 5.1, 5.9, 5.9], "rotation": 90, "texture": "#0"}
			}
		},
		{
			"from": [5.42785, 6.1136, 13.8356],
			"to": [8.57215, 6.9368, 15.15272],
			"rotation": {"angle": 45, "axis": "y", "origin": [7, 14.01632, 7.25]},
			"faces": {
				"north": {"uv": [5.1, 5.1, 5.9, 5.9], "rotation": 270, "texture": "#0"},
				"south": {"uv": [5.1, 5.1, 5.9, 5.9], "rotation": 270, "texture": "#0"},
				"up": {"uv": [5.1, 5.1, 5.9, 5.9], "rotation": 90, "texture": "#0"},
				"down": {"uv": [5.1, 5.1, 5.9, 5.9], "rotation": 90, "texture": "#0"}
			}
		},
		{
			"from": [5.42785, 6.1136, 13.8356],
			"to": [8.57215, 6.9368, 15.15272],
			"rotation": {"angle": -22.5, "axis": "y", "origin": [7, 14.01632, 7.25]},
			"faces": {
				"north": {"uv": [5.1, 5.1, 5.9, 5.9], "rotation": 270, "texture": "#0"},
				"south": {"uv": [5.1, 5.1, 5.9, 5.9], "rotation": 270, "texture": "#0"},
				"up": {"uv": [5.1, 5.1, 5.9, 5.9], "rotation": 270, "texture": "#0"},
				"down": {"uv": [5.1, 5.1, 5.9, 5.9], "rotation": 270, "texture": "#0"}
			}
		}
	],
	"groups": [
		{
			"name": "group",
			"origin": [8, 8.76632, 8],
			"children": [0, 1, 2, 3, 4, 5, 6, 7, 8, 9, 10, 11, 12, 13, 14, 15, 16, 17, 18, 19, 20, 21, 22, 23]
		},
		{
			"name": "group",
			"origin": [8, 8.76632, 8],
			"children": [24, 25, 26, 27, 28, 29, 30, 31, 32, 33, 34, 35, 36, 37, 38, 39, 40, 41, 42, 43, 44, 45, 46, 47]
		},
		{
			"name": "group",
			"origin": [8, 8.76632, 8],
			"children": [48, 49, 50, 51, 52, 53, 54, 55, 56, 57, 58, 59, 60, 61, 62, 63, 64, 65, 66, 67, 68, 69, 70, 71]
		},
		{
			"name": "group",
			"origin": [8, 8.76632, 8],
			"children": [72, 73, 74, 75, 76, 77, 78, 79, 80, 81, 82, 83, 84, 85, 86, 87, 88, 89, 90, 91, 92, 93, 94, 95]
		},
		{
			"name": "group",
			"origin": [8, 8.76632, 8],
			"children": [96, 97, 98, 99, 100, 101, 102, 103, 104, 105, 106, 107, 108, 109, 110, 111, 112, 113, 114, 115, 116, 117, 118, 119]
		}
	]
}