{
	"credit": "Made with Blockbench by dragonmaster95",
	"ambientocclusion": false,
	"textures": {
		"0": "block/white_concrete",
		"particle": "block/white_concrete"
	},
	"elements": [
		{
			"from": [6.42785, 0.8636, 0.09728],
			"to": [9.57215, 1.6868, 1.4144],
			"rotation": {"angle": 22.5, "axis": "y", "origin": [8, 8.76632, 8]},
			"faces": {
				"north": {"uv": [5.1, 5.1, 5.9, 5.9], "rotation": 270, "texture": "#0"},
				"south": {"uv": [5.1, 5.1, 5.9, 5.9], "rotation": 270, "texture": "#0"},
				"up": {"uv": [5.1, 5.1, 5.9, 5.9], "rotation": 270, "texture": "#0"},
				"down": {"uv": [5.1, 5.1, 5.9, 5.9], "rotation": 270, "texture": "#0"}
			}
		},
		{
			"from": [6.68988, 0.0404, 1.4144],
			"to": [9.31012, 0.8636, 14.5856],
			"faces": {
				"north": {"uv": [5.1, 5.1, 5.9, 5.9], "rotation": 270, "texture": "#0"},
				"south": {"uv": [5.1, 5.1, 5.9, 5.9], "rotation": 270, "texture": "#0"},
				"up": {"uv": [5.1, 5.1, 5.9, 5.9], "rotation": 270, "texture": "#0"},
				"down": {"uv": [5.1, 5.1, 5.9, 5.9], "rotation": 270, "texture": "#0"}
			}
		},
		{
			"from": [6.68988, 0.0404, 1.4144],
			"to": [9.31012, 0.8636, 14.5856],
			"rotation": {"angle": 22.5, "axis": "y", "origin": [8, 6.626, 8]},
			"faces": {
				"north": {"uv": [5.1, 5.1, 5.9, 5.9], "rotation": 270, "texture": "#0"},
				"south": {"uv": [5.1, 5.1, 5.9, 5.9], "rotation": 270, "texture": "#0"},
				"up": {"uv": [5.1, 5.1, 5.9, 5.9], "rotation": 270, "texture": "#0"},
				"down": {"uv": [5.1, 5.1, 5.9, 5.9], "rotation": 270, "texture": "#0"}
			}
		},
		{
			"from": [6.68988, 0.0404, 1.4144],
			"to": [9.31012, 0.8636, 14.5856],
			"rotation": {"angle": 45, "axis": "y", "origin": [8, 6.626, 8]},
			"faces": {
				"north": {"uv": [5.1, 5.1, 5.9, 5.9], "rotation": 270, "texture": "#0"},
				"south": {"uv": [5.1, 5.1, 5.9, 5.9], "rotation": 270, "texture": "#0"},
				"up": {"uv": [5.1, 5.1, 5.9, 5.9], "rotation": 270, "texture": "#0"},
				"down": {"uv": [5.1, 5.1, 5.9, 5.9], "rotation": 270, "texture": "#0"}
			}
		},
		{
			"from": [1.4144, 0.0404, 6.68988],
			"to": [14.5856, 0.8636, 9.31012],
			"rotation": {"angle": -22.5, "axis": "y", "origin": [8, 6.626, 8]},
			"faces": {
				"east": {"uv": [5.1, 5.1, 5.9, 5.9], "rotation": 270, "texture": "#0"},
				"west": {"uv": [5.1, 5.1, 5.9, 5.9], "rotation": 270, "texture": "#0"},
				"up": {"uv": [5.1, 5.1, 5.9, 5.9], "rotation": 180, "texture": "#0"},
				"down": {"uv": [5.1, 5.1, 5.9, 5.9], "texture": "#0"}
			}
		},
		{
			"from": [1.4144, 0.0404, 6.68988],
			"to": [14.5856, 0.8636, 9.31012],
			"rotation": {"angle": 0, "axis": "y", "origin": [8, 6.626, 8]},
			"faces": {
				"east": {"uv": [5.1, 5.1, 5.9, 5.9], "rotation": 270, "texture": "#0"},
				"west": {"uv": [5.1, 5.1, 5.9, 5.9], "rotation": 270, "texture": "#0"},
				"up": {"uv": [5.1, 5.1, 5.9, 5.9], "rotation": 180, "texture": "#0"},
				"down": {"uv": [5.1, 5.1, 5.9, 5.9], "texture": "#0"}
			}
		},
		{
			"from": [1.4144, 0.0404, 6.68988],
			"to": [14.5856, 0.8636, 9.31012],
			"rotation": {"angle": 22.5, "axis": "y", "origin": [8, 6.626, 8]},
			"faces": {
				"east": {"uv": [5.1, 5.1, 5.9, 5.9], "rotation": 270, "texture": "#0"},
				"west": {"uv": [5.1, 5.1, 5.9, 5.9], "rotation": 270, "texture": "#0"},
				"up": {"uv": [5.1, 5.1, 5.9, 5.9], "rotation": 180, "texture": "#0"},
				"down": {"uv": [5.1, 5.1, 5.9, 5.9], "texture": "#0"}
			}
		},
		{
			"from": [1.4144, 0.0404, 6.68988],
			"to": [14.5856, 0.8636, 9.31012],
			"rotation": {"angle": 45, "axis": "y", "origin": [8, 6.626, 8]},
			"faces": {
				"east": {"uv": [5.1, 5.1, 5.9, 5.9], "rotation": 270, "texture": "#0"},
				"west": {"uv": [5.1, 5.1, 5.9, 5.9], "rotation": 270, "texture": "#0"},
				"up": {"uv": [5.1, 5.1, 5.9, 5.9], "rotation": 180, "texture": "#0"},
				"down": {"uv": [5.1, 5.1, 5.9, 5.9], "texture": "#0"}
			}
		},
		{
			"from": [6.68988, 0.0404, 1.4144],
			"to": [9.31012, 0.8636, 14.5856],
			"rotation": {"angle": -22.5, "axis": "y", "origin": [8, 6.626, 8]},
			"faces": {
				"north": {"uv": [5.1, 5.1, 5.9, 5.9], "rotation": 270, "texture": "#0"},
				"south": {"uv": [5.1, 5.1, 5.9, 5.9], "rotation": 270, "texture": "#0"},
				"up": {"uv": [5.1, 5.1, 5.9, 5.9], "rotation": 90, "texture": "#0"},
				"down": {"uv": [5.1, 5.1, 5.9, 5.9], "rotation": 90, "texture": "#0"}
			}
		},
		{
			"from": [14.5856, 0.8636, 6.42785],
			"to": [15.90272, 1.6868, 9.57215],
			"faces": {
				"east": {"uv": [5.1, 5.1, 5.9, 5.9], "rotation": 270, "texture": "#0"},
				"west": {"uv": [5.1, 5.1, 5.9, 5.9], "rotation": 270, "texture": "#0"},
				"up": {"uv": [5.1, 5.1, 5.9, 5.9], "texture": "#0"},
				"down": {"uv": [5.1, 5.1, 5.9, 5.9], "rotation": 180, "texture": "#0"}
			}
		},
		{
			"from": [14.5856, 0.8636, 6.42785],
			"to": [15.90272, 1.6868, 9.57215],
			"rotation": {"angle": 22.5, "axis": "y", "origin": [8, 8.76632, 8]},
			"faces": {
				"east": {"uv": [5.1, 5.1, 5.9, 5.9], "rotation": 270, "texture": "#0"},
				"west": {"uv": [5.1, 5.1, 5.9, 5.9], "rotation": 270, "texture": "#0"},
				"up": {"uv": [5.1, 5.1, 5.9, 5.9], "texture": "#0"},
				"down": {"uv": [5.1, 5.1, 5.9, 5.9], "rotation": 180, "texture": "#0"}
			}
		},
		{
			"from": [14.5856, 0.8636, 6.42785],
			"to": [15.90272, 1.6868, 9.57215],
			"rotation": {"angle": 45, "axis": "y", "origin": [8, 8.76632, 8]},
			"faces": {
				"east": {"uv": [5.1, 5.1, 5.9, 5.9], "rotation": 270, "texture": "#0"},
				"west": {"uv": [5.1, 5.1, 5.9, 5.9], "rotation": 270, "texture": "#0"},
				"up": {"uv": [5.1, 5.1, 5.9, 5.9], "texture": "#0"},
				"down": {"uv": [5.1, 5.1, 5.9, 5.9], "rotation": 180, "texture": "#0"}
			}
		},
		{
			"from": [14.5856, 0.8636, 6.42785],
			"to": [15.90272, 1.6868, 9.57215],
			"rotation": {"angle": -22.5, "axis": "y", "origin": [8, 8.76632, 8]},
			"faces": {
				"east": {"uv": [5.1, 5.1, 5.9, 5.9], "rotation": 270, "texture": "#0"},
				"west": {"uv": [5.1, 5.1, 5.9, 5.9], "rotation": 270, "texture": "#0"},
				"up": {"uv": [5.1, 5.1, 5.9, 5.9], "rotation": 180, "texture": "#0"},
				"down": {"uv": [5.1, 5.1, 5.9, 5.9], "texture": "#0"}
			}
		},
		{
			"from": [6.42785, 0.8636, 0.09728],
			"to": [9.57215, 1.6868, 1.4144],
			"faces": {
				"north": {"uv": [5.1, 5.1, 5.9, 5.9], "rotation": 270, "texture": "#0"},
				"south": {"uv": [5.1, 5.1, 5.9, 5.9], "rotation": 270, "texture": "#0"},
				"up": {"uv": [5.1, 5.1, 5.9, 5.9], "rotation": 270, "texture": "#0"},
				"down": {"uv": [5.1, 5.1, 5.9, 5.9], "rotation": 270, "texture": "#0"}
			}
		},
		{
			"from": [6.42785, 0.8636, 0.09728],
			"to": [9.57215, 1.6868, 1.4144],
			"rotation": {"angle": 45, "axis": "y", "origin": [8, 8.76632, 8]},
			"faces": {
				"north": {"uv": [5.1, 5.1, 5.9, 5.9], "rotation": 270, "texture": "#0"},
				"south": {"uv": [5.1, 5.1, 5.9, 5.9], "rotation": 270, "texture": "#0"},
				"up": {"uv": [5.1, 5.1, 5.9, 5.9], "rotation": 270, "texture": "#0"},
				"down": {"uv": [5.1, 5.1, 5.9, 5.9], "rotation": 270, "texture": "#0"}
			}
		},
		{
			"from": [6.42785, 0.8636, 0.09728],
			"to": [9.57215, 1.6868, 1.4144],
			"rotation": {"angle": -22.5, "axis": "y", "origin": [8, 8.76632, 8]},
			"faces": {
				"north": {"uv": [5.1, 5.1, 5.9, 5.9], "rotation": 270, "texture": "#0"},
				"south": {"uv": [5.1, 5.1, 5.9, 5.9], "rotation": 270, "texture": "#0"},
				"up": {"uv": [5.1, 5.1, 5.9, 5.9], "rotation": 90, "texture": "#0"},
				"down": {"uv": [5.1, 5.1, 5.9, 5.9], "rotation": 90, "texture": "#0"}
			}
		},
		{
			"from": [0.09728, 0.8636, 6.42785],
			"to": [1.4144, 1.6868, 9.57215],
			"faces": {
				"east": {"uv": [5.1, 5.1, 5.9, 5.9], "rotation": 270, "texture": "#0"},
				"west": {"uv": [5.1, 5.1, 5.9, 5.9], "rotation": 270, "texture": "#0"},
				"up": {"uv": [5.1, 5.1, 5.9, 5.9], "rotation": 180, "texture": "#0"},
				"down": {"uv": [5.1, 5.1, 5.9, 5.9], "texture": "#0"}
			}
		},
		{
			"from": [0.09728, 0.8636, 6.42785],
			"to": [1.4144, 1.6868, 9.57215],
			"rotation": {"angle": 22.5, "axis": "y", "origin": [8, 8.76632, 8]},
			"faces": {
				"east": {"uv": [5.1, 5.1, 5.9, 5.9], "rotation": 270, "texture": "#0"},
				"west": {"uv": [5.1, 5.1, 5.9, 5.9], "rotation": 270, "texture": "#0"},
				"up": {"uv": [5.1, 5.1, 5.9, 5.9], "rotation": 180, "texture": "#0"},
				"down": {"uv": [5.1, 5.1, 5.9, 5.9], "texture": "#0"}
			}
		},
		{
			"from": [0.09728, 0.8636, 6.42785],
			"to": [1.4144, 1.6868, 9.57215],
			"rotation": {"angle": 45, "axis": "y", "origin": [8, 8.76632, 8]},
			"faces": {
				"east": {"uv": [5.1, 5.1, 5.9, 5.9], "rotation": 270, "texture": "#0"},
				"west": {"uv": [5.1, 5.1, 5.9, 5.9], "rotation": 270, "texture": "#0"},
				"up": {"uv": [5.1, 5.1, 5.9, 5.9], "rotation": 180, "texture": "#0"},
				"down": {"uv": [5.1, 5.1, 5.9, 5.9], "texture": "#0"}
			}
		},
		{
			"from": [0.09728, 0.8636, 6.42785],
			"to": [1.4144, 1.6868, 9.57215],
			"rotation": {"angle": -22.5, "axis": "y", "origin": [8, 8.76632, 8]},
			"faces": {
				"east": {"uv": [5.1, 5.1, 5.9, 5.9], "rotation": 270, "texture": "#0"},
				"west": {"uv": [5.1, 5.1, 5.9, 5.9], "rotation": 270, "texture": "#0"},
				"up": {"uv": [5.1, 5.1, 5.9, 5.9], "texture": "#0"},
				"down": {"uv": [5.1, 5.1, 5.9, 5.9], "rotation": 180, "texture": "#0"}
			}
		},
		{
			"from": [6.42785, 0.8636, 14.5856],
			"to": [9.57215, 1.6868, 15.90272],
			"faces": {
				"north": {"uv": [5.1, 5.1, 5.9, 5.9], "rotation": 270, "texture": "#0"},
				"south": {"uv": [5.1, 5.1, 5.9, 5.9], "rotation": 270, "texture": "#0"},
				"up": {"uv": [5.1, 5.1, 5.9, 5.9], "rotation": 90, "texture": "#0"},
				"down": {"uv": [5.1, 5.1, 5.9, 5.9], "rotation": 90, "texture": "#0"}
			}
		},
		{
			"from": [6.42785, 0.8636, 14.5856],
			"to": [9.57215, 1.6868, 15.90272],
			"rotation": {"angle": 22.5, "axis": "y", "origin": [8, 8.76632, 8]},
			"faces": {
				"north": {"uv": [5.1, 5.1, 5.9, 5.9], "rotation": 270, "texture": "#0"},
				"south": {"uv": [5.1, 5.1, 5.9, 5.9], "rotation": 270, "texture": "#0"},
				"up": {"uv": [5.1, 5.1, 5.9, 5.9], "rotation": 90, "texture": "#0"},
				"down": {"uv": [5.1, 5.1, 5.9, 5.9], "rotation": 90, "texture": "#0"}
			}
		},
		{
			"from": [6.42785, 0.8636, 14.5856],
			"to": [9.57215, 1.6868, 15.90272],
			"rotation": {"angle": 45, "axis": "y", "origin": [8, 8.76632, 8]},
			"faces": {
				"north": {"uv": [5.1, 5.1, 5.9, 5.9], "rotation": 270, "texture": "#0"},
				"south": {"uv": [5.1, 5.1, 5.9, 5.9], "rotation": 270, "texture": "#0"},
				"up": {"uv": [5.1, 5.1, 5.9, 5.9], "rotation": 90, "texture": "#0"},
				"down": {"uv": [5.1, 5.1, 5.9, 5.9], "rotation": 90, "texture": "#0"}
			}
		},
		{
			"from": [6.42785, 0.8636, 14.5856],
			"to": [9.57215, 1.6868, 15.90272],
			"rotation": {"angle": -22.5, "axis": "y", "origin": [8, 8.76632, 8]},
			"faces": {
				"north": {"uv": [5.1, 5.1, 5.9, 5.9], "rotation": 270, "texture": "#0"},
				"south": {"uv": [5.1, 5.1, 5.9, 5.9], "rotation": 270, "texture": "#0"},
				"up": {"uv": [5.1, 5.1, 5.9, 5.9], "rotation": 270, "texture": "#0"},
				"down": {"uv": [5.1, 5.1, 5.9, 5.9], "rotation": 270, "texture": "#0"}
			}
		},
		{
			"from": [6.17785, 1.8636, 0.09728],
			"to": [9.32215, 2.6868, 1.4144],
			"rotation": {"angle": 22.5, "axis": "y", "origin": [7.75, 9.76632, 8]},
			"faces": {
				"north": {"uv": [5.1, 5.1, 5.9, 5.9], "rotation": 270, "texture": "#0"},
				"south": {"uv": [5.1, 5.1, 5.9, 5.9], "rotation": 270, "texture": "#0"},
				"up": {"uv": [5.1, 5.1, 5.9, 5.9], "rotation": 270, "texture": "#0"},
				"down": {"uv": [5.1, 5.1, 5.9, 5.9], "rotation": 270, "texture": "#0"}
			}
		},
		{
			"from": [6.43988, 1.0404, 1.4144],
			"to": [9.06012, 1.8636, 14.5856],
			"rotation": {"angle": 0, "axis": "y", "origin": [7.75, 9, 8]},
			"faces": {
				"north": {"uv": [5.1, 5.1, 5.9, 5.9], "rotation": 270, "texture": "#0"},
				"south": {"uv": [5.1, 5.1, 5.9, 5.9], "rotation": 270, "texture": "#0"},
				"up": {"uv": [5.1, 5.1, 5.9, 5.9], "rotation": 270, "texture": "#0"},
				"down": {"uv": [5.1, 5.1, 5.9, 5.9], "rotation": 270, "texture": "#0"}
			}
		},
		{
			"from": [6.43988, 1.0404, 1.4144],
			"to": [9.06012, 1.8636, 14.5856],
			"rotation": {"angle": 22.5, "axis": "y", "origin": [7.75, 7.626, 8]},
			"faces": {
				"north": {"uv": [5.1, 5.1, 5.9, 5.9], "rotation": 270, "texture": "#0"},
				"south": {"uv": [5.1, 5.1, 5.9, 5.9], "rotation": 270, "texture": "#0"},
				"up": {"uv": [5.1, 5.1, 5.9, 5.9], "rotation": 270, "texture": "#0"},
				"down": {"uv": [5.1, 5.1, 5.9, 5.9], "rotation": 270, "texture": "#0"}
			}
		},
		{
			"from": [6.43988, 1.0404, 1.4144],
			"to": [9.06012, 1.8636, 14.5856],
			"rotation": {"angle": 45, "axis": "y", "origin": [7.75, 7.626, 8]},
			"faces": {
				"north": {"uv": [5.1, 5.1, 5.9, 5.9], "rotation": 270, "texture": "#0"},
				"south": {"uv": [5.1, 5.1, 5.9, 5.9], "rotation": 270, "texture": "#0"},
				"up": {"uv": [5.1, 5.1, 5.9, 5.9], "rotation": 270, "texture": "#0"},
				"down": {"uv": [5.1, 5.1, 5.9, 5.9], "rotation": 270, "texture": "#0"}
			}
		},
		{
			"from": [1.1644, 1.0404, 6.68988],
			"to": [14.3356, 1.8636, 9.31012],
			"rotation": {"angle": -22.5, "axis": "y", "origin": [7.75, 7.626, 8]},
			"faces": {
				"east": {"uv": [5.1, 5.1, 5.9, 5.9], "rotation": 270, "texture": "#0"},
				"west": {"uv": [5.1, 5.1, 5.9, 5.9], "rotation": 270, "texture": "#0"},
				"up": {"uv": [5.1, 5.1, 5.9, 5.9], "rotation": 180, "texture": "#0"},
				"down": {"uv": [5.1, 5.1, 5.9, 5.9], "texture": "#0"}
			}
		},
		{
			"from": [1.1644, 1.0404, 6.68988],
			"to": [14.3356, 1.8636, 9.31012],
			"rotation": {"angle": 0, "axis": "y", "origin": [7.75, 7.626, 8]},
			"faces": {
				"east": {"uv": [5.1, 5.1, 5.9, 5.9], "rotation": 270, "texture": "#0"},
				"west": {"uv": [5.1, 5.1, 5.9, 5.9], "rotation": 270, "texture": "#0"},
				"up": {"uv": [5.1, 5.1, 5.9, 5.9], "rotation": 180, "texture": "#0"},
				"down": {"uv": [5.1, 5.1, 5.9, 5.9], "texture": "#0"}
			}
		},
		{
			"from": [1.1644, 1.0404, 6.68988],
			"to": [14.3356, 1.8636, 9.31012],
			"rotation": {"angle": 22.5, "axis": "y", "origin": [7.75, 7.626, 8]},
			"faces": {
				"east": {"uv": [5.1, 5.1, 5.9, 5.9], "rotation": 270, "texture": "#0"},
				"west": {"uv": [5.1, 5.1, 5.9, 5.9], "rotation": 270, "texture": "#0"},
				"up": {"uv": [5.1, 5.1, 5.9, 5.9], "rotation": 180, "texture": "#0"},
				"down": {"uv": [5.1, 5.1, 5.9, 5.9], "texture": "#0"}
			}
		},
		{
			"from": [1.1644, 1.0404, 6.68988],
			"to": [14.3356, 1.8636, 9.31012],
			"rotation": {"angle": 45, "axis": "y", "origin": [7.75, 7.626, 8]},
			"faces": {
				"east": {"uv": [5.1, 5.1, 5.9, 5.9], "rotation": 270, "texture": "#0"},
				"west": {"uv": [5.1, 5.1, 5.9, 5.9], "rotation": 270, "texture": "#0"},
				"up": {"uv": [5.1, 5.1, 5.9, 5.9], "rotation": 180, "texture": "#0"},
				"down": {"uv": [5.1, 5.1, 5.9, 5.9], "texture": "#0"}
			}
		},
		{
			"from": [6.43988, 1.0404, 1.4144],
			"to": [9.06012, 1.8636, 14.5856],
			"rotation": {"angle": -22.5, "axis": "y", "origin": [7.75, 7.626, 8]},
			"faces": {
				"north": {"uv": [5.1, 5.1, 5.9, 5.9], "rotation": 270, "texture": "#0"},
				"south": {"uv": [5.1, 5.1, 5.9, 5.9], "rotation": 270, "texture": "#0"},
				"up": {"uv": [5.1, 5.1, 5.9, 5.9], "rotation": 90, "texture": "#0"},
				"down": {"uv": [5.1, 5.1, 5.9, 5.9], "rotation": 90, "texture": "#0"}
			}
		},
		{
			"from": [14.3356, 1.8636, 6.42785],
			"to": [15.65272, 2.6868, 9.57215],
			"rotation": {"angle": 0, "axis": "y", "origin": [7.75, 9, 8]},
			"faces": {
				"east": {"uv": [5.1, 5.1, 5.9, 5.9], "rotation": 270, "texture": "#0"},
				"west": {"uv": [5.1, 5.1, 5.9, 5.9], "rotation": 270, "texture": "#0"},
				"up": {"uv": [5.1, 5.1, 5.9, 5.9], "texture": "#0"},
				"down": {"uv": [5.1, 5.1, 5.9, 5.9], "rotation": 180, "texture": "#0"}
			}
		},
		{
			"from": [14.3356, 1.8636, 6.42785],
			"to": [15.65272, 2.6868, 9.57215],
			"rotation": {"angle": 22.5, "axis": "y", "origin": [7.75, 9.76632, 8]},
			"faces": {
				"east": {"uv": [5.1, 5.1, 5.9, 5.9], "rotation": 270, "texture": "#0"},
				"west": {"uv": [5.1, 5.1, 5.9, 5.9], "rotation": 270, "texture": "#0"},
				"up": {"uv": [5.1, 5.1, 5.9, 5.9], "texture": "#0"},
				"down": {"uv": [5.1, 5.1, 5.9, 5.9], "rotation": 180, "texture": "#0"}
			}
		},
		{
			"from": [14.3356, 1.8636, 6.42785],
			"to": [15.65272, 2.6868, 9.57215],
			"rotation": {"angle": 45, "axis": "y", "origin": [7.75, 9.76632, 8]},
			"faces": {
				"east": {"uv": [5.1, 5.1, 5.9, 5.9], "rotation": 270, "texture": "#0"},
				"west": {"uv": [5.1, 5.1, 5.9, 5.9], "rotation": 270, "texture": "#0"},
				"up": {"uv": [5.1, 5.1, 5.9, 5.9], "texture": "#0"},
				"down": {"uv": [5.1, 5.1, 5.9, 5.9], "rotation": 180, "texture": "#0"}
			}
		},
		{
			"from": [14.3356, 1.8636, 6.42785],
			"to": [15.65272, 2.6868, 9.57215],
			"rotation": {"angle": -22.5, "axis": "y", "origin": [7.75, 9.76632, 8]},
			"faces": {
				"east": {"uv": [5.1, 5.1, 5.9, 5.9], "rotation": 270, "texture": "#0"},
				"west": {"uv": [5.1, 5.1, 5.9, 5.9], "rotation": 270, "texture": "#0"},
				"up": {"uv": [5.1, 5.1, 5.9, 5.9], "rotation": 180, "texture": "#0"},
				"down": {"uv": [5.1, 5.1, 5.9, 5.9], "texture": "#0"}
			}
		},
		{
			"from": [6.17785, 1.8636, 0.09728],
			"to": [9.32215, 2.6868, 1.4144],
			"rotation": {"angle": 0, "axis": "y", "origin": [7.75, 9, 8]},
			"faces": {
				"north": {"uv": [5.1, 5.1, 5.9, 5.9], "rotation": 270, "texture": "#0"},
				"south": {"uv": [5.1, 5.1, 5.9, 5.9], "rotation": 270, "texture": "#0"},
				"up": {"uv": [5.1, 5.1, 5.9, 5.9], "rotation": 270, "texture": "#0"},
				"down": {"uv": [5.1, 5.1, 5.9, 5.9], "rotation": 270, "texture": "#0"}
			}
		},
		{
			"from": [6.17785, 1.8636, 0.09728],
			"to": [9.32215, 2.6868, 1.4144],
			"rotation": {"angle": 45, "axis": "y", "origin": [7.75, 9.76632, 8]},
			"faces": {
				"north": {"uv": [5.1, 5.1, 5.9, 5.9], "rotation": 270, "texture": "#0"},
				"south": {"uv": [5.1, 5.1, 5.9, 5.9], "rotation": 270, "texture": "#0"},
				"up": {"uv": [5.1, 5.1, 5.9, 5.9], "rotation": 270, "texture": "#0"},
				"down": {"uv": [5.1, 5.1, 5.9, 5.9], "rotation": 270, "texture": "#0"}
			}
		},
		{
			"from": [6.17785, 1.8636, 0.09728],
			"to": [9.32215, 2.6868, 1.4144],
			"rotation": {"angle": -22.5, "axis": "y", "origin": [7.75, 9.76632, 8]},
			"faces": {
				"north": {"uv": [5.1, 5.1, 5.9, 5.9], "rotation": 270, "texture": "#0"},
				"south": {"uv": [5.1, 5.1, 5.9, 5.9], "rotation": 270, "texture": "#0"},
				"up": {"uv": [5.1, 5.1, 5.9, 5.9], "rotation": 90, "texture": "#0"},
				"down": {"uv": [5.1, 5.1, 5.9, 5.9], "rotation": 90, "texture": "#0"}
			}
		},
		{
			"from": [-0.15272, 1.8636, 6.42785],
			"to": [1.1644, 2.6868, 9.57215],
			"rotation": {"angle": 0, "axis": "y", "origin": [7.75, 9, 8]},
			"faces": {
				"east": {"uv": [5.1, 5.1, 5.9, 5.9], "rotation": 270, "texture": "#0"},
				"west": {"uv": [5.1, 5.1, 5.9, 5.9], "rotation": 270, "texture": "#0"},
				"up": {"uv": [5.1, 5.1, 5.9, 5.9], "rotation": 180, "texture": "#0"},
				"down": {"uv": [5.1, 5.1, 5.9, 5.9], "texture": "#0"}
			}
		},
		{
			"from": [-0.15272, 1.8636, 6.42785],
			"to": [1.1644, 2.6868, 9.57215],
			"rotation": {"angle": 22.5, "axis": "y", "origin": [7.75, 9.76632, 8]},
			"faces": {
				"east": {"uv": [5.1, 5.1, 5.9, 5.9], "rotation": 270, "texture": "#0"},
				"west": {"uv": [5.1, 5.1, 5.9, 5.9], "rotation": 270, "texture": "#0"},
				"up": {"uv": [5.1, 5.1, 5.9, 5.9], "rotation": 180, "texture": "#0"},
				"down": {"uv": [5.1, 5.1, 5.9, 5.9], "texture": "#0"}
			}
		},
		{
			"from": [-0.15272, 1.8636, 6.42785],
			"to": [1.1644, 2.6868, 9.57215],
			"rotation": {"angle": 45, "axis": "y", "origin": [7.75, 9.76632, 8]},
			"faces": {
				"east": {"uv": [5.1, 5.1, 5.9, 5.9], "rotation": 270, "texture": "#0"},
				"west": {"uv": [5.1, 5.1, 5.9, 5.9], "rotation": 270, "texture": "#0"},
				"up": {"uv": [5.1, 5.1, 5.9, 5.9], "rotation": 180, "texture": "#0"},
				"down": {"uv": [5.1, 5.1, 5.9, 5.9], "texture": "#0"}
			}
		},
		{
			"from": [-0.15272, 1.8636, 6.42785],
			"to": [1.1644, 2.6868, 9.57215],
			"rotation": {"angle": -22.5, "axis": "y", "origin": [7.75, 9.76632, 8]},
			"faces": {
				"east": {"uv": [5.1, 5.1, 5.9, 5.9], "rotation": 270, "texture": "#0"},
				"west": {"uv": [5.1, 5.1, 5.9, 5.9], "rotation": 270, "texture": "#0"},
				"up": {"uv": [5.1, 5.1, 5.9, 5.9], "texture": "#0"},
				"down": {"uv": [5.1, 5.1, 5.9, 5.9], "rotation": 180, "texture": "#0"}
			}
		},
		{
			"from": [6.17785, 1.8636, 14.5856],
			"to": [9.32215, 2.6868, 15.90272],
			"rotation": {"angle": 0, "axis": "y", "origin": [7.75, 9, 8]},
			"faces": {
				"north": {"uv": [5.1, 5.1, 5.9, 5.9], "rotation": 270, "texture": "#0"},
				"south": {"uv": [5.1, 5.1, 5.9, 5.9], "rotation": 270, "texture": "#0"},
				"up": {"uv": [5.1, 5.1, 5.9, 5.9], "rotation": 90, "texture": "#0"},
				"down": {"uv": [5.1, 5.1, 5.9, 5.9], "rotation": 90, "texture": "#0"}
			}
		},
		{
			"from": [6.17785, 1.8636, 14.5856],
			"to": [9.32215, 2.6868, 15.90272],
			"rotation": {"angle": 22.5, "axis": "y", "origin": [7.75, 9.76632, 8]},
			"faces": {
				"north": {"uv": [5.1, 5.1, 5.9, 5.9], "rotation": 270, "texture": "#0"},
				"south": {"uv": [5.1, 5.1, 5.9, 5.9], "rotation": 270, "texture": "#0"},
				"up": {"uv": [5.1, 5.1, 5.9, 5.9], "rotation": 90, "texture": "#0"},
				"down": {"uv": [5.1, 5.1, 5.9, 5.9], "rotation": 90, "texture": "#0"}
			}
		},
		{
			"from": [6.17785, 1.8636, 14.5856],
			"to": [9.32215, 2.6868, 15.90272],
			"rotation": {"angle": 45, "axis": "y", "origin": [7.75, 9.76632, 8]},
			"faces": {
				"north": {"uv": [5.1, 5.1, 5.9, 5.9], "rotation": 270, "texture": "#0"},
				"south": {"uv": [5.1, 5.1, 5.9, 5.9], "rotation": 270, "texture": "#0"},
				"up": {"uv": [5.1, 5.1, 5.9, 5.9], "rotation": 90, "texture": "#0"},
				"down": {"uv": [5.1, 5.1, 5.9, 5.9], "rotation": 90, "texture": "#0"}
			}
		},
		{
			"from": [6.17785, 1.8636, 14.5856],
			"to": [9.32215, 2.6868, 15.90272],
			"rotation": {"angle": -22.5, "axis": "y", "origin": [7.75, 9.76632, 8]},
			"faces": {
				"north": {"uv": [5.1, 5.1, 5.9, 5.9], "rotation": 270, "texture": "#0"},
				"south": {"uv": [5.1, 5.1, 5.9, 5.9], "rotation": 270, "texture": "#0"},
				"up": {"uv": [5.1, 5.1, 5.9, 5.9], "rotation": 270, "texture": "#0"},
				"down": {"uv": [5.1, 5.1, 5.9, 5.9], "rotation": 270, "texture": "#0"}
			}
		}
	],
	"groups": [
		{
			"name": "group",
			"origin": [8, 8.76632, 8],
			"children": [0, 1, 2, 3, 4, 5, 6, 7, 8, 9, 10, 11, 12, 13, 14, 15, 16, 17, 18, 19, 20, 21, 22, 23]
		},
		{
			"name": "group",
			"origin": [8, 8.76632, 8],
			"children": [24, 25, 26, 27, 28, 29, 30, 31, 32, 33, 34, 35, 36, 37, 38, 39, 40, 41, 42, 43, 44, 45, 46, 47]
		}
	]
}