{
  "display": {
    "icon": {
      "item": "minecraft:iron_nugget",
      "nbt": "{CustomModelData:268}"
    },
    "title": {
      "text": "Long Distances"
    },
    "description": [
      "",
      {
        "text": "Walk 2500 meters."
      }
    ],
    "show_toast": true,
    "announce_to_chat": false
  },
  "parent": "lobby:move/horse_white",
  "criteria": {
    "impossible": {
      "trigger": "impossible"
    }
  },
  "rewards": {
    "function": "lobby:costume/unlock/horse_gray"
  }
}
