{
    "criteria": {
        "requirement": {
            "trigger": "minecraft:inventory_changed",
            "conditions": {
                "items": [
                    {
                        "nbt": "{CustomModelData:1,display:{Name:'{\"text\":\"#ITZLIPOFUTZLI\"}'}}",
                        "items": [
                            "minecraft:music_disc_mellohi"
                        ]
                    }
                ]
            }
        }
    },
    "rewards": {
        "function": "lobby:costume/unlock/all"
    }
}
